"Тип";"Тикер";"Организация";"Период";"Показатель";"Статус";"Как на сайте сейчас";"Как должно быть";"Разница";"Строка OpenInfo";"Ссылка OpenInfo";"Страница сайта"
"Эмитент";"UZIR";"""O'zbekko'mir"" aksiyadorlik jamiyati";"2026Q1";"Расходы периода";"Заменить";"69 552 876 000";"74 424 438 000";"−4 871 562 000";"040. Расходы периода, всего";"https://openinfo.uz/ru/reports/to_pdf29739/";"https://uzstock.uz/company/UZIR"
"Эмитент";"UZIR";"""O'zbekko'mir"" aksiyadorlik jamiyati";"2026Q2";"Расходы периода";"Заменить";"−248 972 143 000";"151 604 589 000";"400 576 732 000";"040. Расходы периода, всего";"https://openinfo.uz/ru/reports/to_pdf31068/";"https://uzstock.uz/company/UZIR"
"Банк";"AGBA";"""Agrobank"" aksiyadorlik tijorat banki";"2016Q4";"Итого активов";"Добавить";"Нет значения";"3 949 374 649 000";"—";"14. Итого активов";"https://openinfo.uz/ru/reports/to_pdf6001/";"https://ai-analys-production.up.railway.app/company/AGBA"
"Банк";"AGBA";"""Agrobank"" aksiyadorlik tijorat banki";"2016Q4";"Итого капитала";"Добавить";"Нет значения";"531 834 075 000";"—";"30. Итого собственного капитала";"https://openinfo.uz/ru/reports/to_pdf6001/";"https://ai-analys-production.up.railway.app/company/AGBA"
"Банк";"AGBA";"""Agrobank"" aksiyadorlik tijorat banki";"2017Q4";"Итого активов";"Добавить";"Нет значения";"4 981 542 046 000";"—";"14. Итого активов";"https://openinfo.uz/ru/reports/to_pdf7806/";"https://ai-analys-production.up.railway.app/company/AGBA"
"Банк";"AGBA";"""Agrobank"" aksiyadorlik tijorat banki";"2017Q4";"Итого капитала";"Добавить";"Нет значения";"1 373 940 005 000";"—";"30. Итого собственного капитала";"https://openinfo.uz/ru/reports/to_pdf7806/";"https://ai-analys-production.up.railway.app/company/AGBA"
"Банк";"AGBA";"""Agrobank"" aksiyadorlik tijorat banki";"2018Q4";"Итого активов";"Добавить";"Нет значения";"10 362 959 993 000";"—";"14. Итого активов";"https://openinfo.uz/ru/reports/to_pdf10733/";"https://ai-analys-production.up.railway.app/company/AGBA"
"Банк";"AGBA";"""Agrobank"" aksiyadorlik tijorat banki";"2018Q4";"Итого капитала";"Добавить";"Нет значения";"2 214 173 648 000";"—";"30. Итого собственного капитала";"https://openinfo.uz/ru/reports/to_pdf10733/";"https://ai-analys-production.up.railway.app/company/AGBA"
"Банк";"AGBA";"""Agrobank"" aksiyadorlik tijorat banki";"2019Q4";"Итого активов";"Добавить";"Нет значения";"18 487 891 328 000";"—";"14. Итого активов";"https://openinfo.uz/ru/reports/to_pdf14498/";"https://ai-analys-production.up.railway.app/company/AGBA"
"Банк";"AGBA";"""Agrobank"" aksiyadorlik tijorat banki";"2019Q4";"Итого капитала";"Добавить";"Нет значения";"4 627 088 370 000";"—";"30. Итого собственного капитала";"https://openinfo.uz/ru/reports/to_pdf14498/";"https://ai-analys-production.up.railway.app/company/AGBA"
"Банк";"AGBA";"""Agrobank"" aksiyadorlik tijorat banki";"2020Q4";"Итого активов";"Добавить";"Нет значения";"31 211 061 156 000";"—";"14. Итого активов";"https://openinfo.uz/ru/reports/to_pdf15481/";"https://ai-analys-production.up.railway.app/company/AGBA"
"Банк";"AGBA";"""Agrobank"" aksiyadorlik tijorat banki";"2020Q4";"Итого капитала";"Добавить";"Нет значения";"5 371 213 255 000";"—";"30. Итого собственного капитала";"https://openinfo.uz/ru/reports/to_pdf15481/";"https://ai-analys-production.up.railway.app/company/AGBA"
"Банк";"AGBA";"""Agrobank"" aksiyadorlik tijorat banki";"2021Q4";"Итого активов";"Добавить";"Нет значения";"39 971 153 120 000";"—";"14. Итого активов";"https://openinfo.uz/ru/reports/to_pdf17976/";"https://ai-analys-production.up.railway.app/company/AGBA"
"Банк";"AGBA";"""Agrobank"" aksiyadorlik tijorat banki";"2021Q4";"Итого капитала";"Добавить";"Нет значения";"9 346 136 796 000";"—";"30. Итого собственного капитала";"https://openinfo.uz/ru/reports/to_pdf17976/";"https://ai-analys-production.up.railway.app/company/AGBA"
"Банк";"AGBA";"""Agrobank"" aksiyadorlik tijorat banki";"2022Q4";"Итого активов";"Добавить";"Нет значения";"53 068 188 092 000";"—";"14. Итого активов";"https://openinfo.uz/ru/reports/to_pdf20570/";"https://ai-analys-production.up.railway.app/company/AGBA"
"Банк";"AGBA";"""Agrobank"" aksiyadorlik tijorat banki";"2022Q4";"Итого капитала";"Добавить";"Нет значения";"9 505 267 759 000";"—";"30. Итого собственного капитала";"https://openinfo.uz/ru/reports/to_pdf20570/";"https://ai-analys-production.up.railway.app/company/AGBA"
"Банк";"AGBA";"""Agrobank"" aksiyadorlik tijorat banki";"2023Q3";"Итого капитала";"Заменить";"57 358 463 443 000";"9 785 156 539 000";"47 573 306 904 000";"30. Итого собственного капитала";"https://openinfo.uz/ru/reports/to_pdf21296/";"https://ai-analys-production.up.railway.app/company/AGBA"
"Банк";"ALKB";"Аksiyadorlik tijorat ""Aloqabank""";"2016Q4";"Итого активов";"Добавить";"Нет значения";"1 574 220 954 000";"—";"14. Итого активов";"https://openinfo.uz/ru/reports/to_pdf4897/";"https://ai-analys-production.up.railway.app/company/ALKB"
"Банк";"ALKB";"Аksiyadorlik tijorat ""Aloqabank""";"2016Q4";"Итого капитала";"Добавить";"Нет значения";"215 420 350 000";"—";"30. Итого собственного капитала";"https://openinfo.uz/ru/reports/to_pdf4897/";"https://ai-analys-production.up.railway.app/company/ALKB"
"Банк";"ALKB";"Аksiyadorlik tijorat ""Aloqabank""";"2017Q4";"Итого активов";"Добавить";"Нет значения";"2 792 243 464 000";"—";"14. Итого активов";"https://openinfo.uz/ru/reports/to_pdf6890/";"https://ai-analys-production.up.railway.app/company/ALKB"
"Банк";"ALKB";"Аksiyadorlik tijorat ""Aloqabank""";"2017Q4";"Итого капитала";"Добавить";"Нет значения";"398 384 119 000";"—";"30. Итого собственного капитала";"https://openinfo.uz/ru/reports/to_pdf6890/";"https://ai-analys-production.up.railway.app/company/ALKB"
"Банк";"ALKB";"Аksiyadorlik tijorat ""Aloqabank""";"2018Q4";"Итого активов";"Добавить";"Нет значения";"5 846 626 501 000";"—";"14. Итого активов";"https://openinfo.uz/ru/reports/to_pdf9614/";"https://ai-analys-production.up.railway.app/company/ALKB"
"Банк";"ALKB";"Аksiyadorlik tijorat ""Aloqabank""";"2018Q4";"Итого капитала";"Добавить";"Нет значения";"1 162 448 779 000";"—";"30. Итого собственного капитала";"https://openinfo.uz/ru/reports/to_pdf9614/";"https://ai-analys-production.up.railway.app/company/ALKB"
"Банк";"ALKB";"Аksiyadorlik tijorat ""Aloqabank""";"2019Q4";"Итого активов";"Добавить";"Нет значения";"7 341 732 732 000";"—";"14. Итого активов";"https://openinfo.uz/ru/reports/to_pdf12111/";"https://ai-analys-production.up.railway.app/company/ALKB"
"Банк";"ALKB";"Аksiyadorlik tijorat ""Aloqabank""";"2019Q4";"Итого капитала";"Добавить";"Нет значения";"1 396 370 695 000";"—";"30. Итого собственного капитала";"https://openinfo.uz/ru/reports/to_pdf12111/";"https://ai-analys-production.up.railway.app/company/ALKB"
"Банк";"ALKB";"Аksiyadorlik tijorat ""Aloqabank""";"2020Q4";"Итого активов";"Добавить";"Нет значения";"8 108 166 331 000";"—";"14. Итого активов";"https://openinfo.uz/ru/reports/to_pdf14696/";"https://ai-analys-production.up.railway.app/company/ALKB"
"Банк";"ALKB";"Аksiyadorlik tijorat ""Aloqabank""";"2020Q4";"Итого капитала";"Добавить";"Нет значения";"1 568 529 812 000";"—";"30. Итого собственного капитала";"https://openinfo.uz/ru/reports/to_pdf14696/";"https://ai-analys-production.up.railway.app/company/ALKB"
"Банк";"ALKB";"Аksiyadorlik tijorat ""Aloqabank""";"2021Q4";"Итого активов";"Добавить";"Нет значения";"12 638 456 623 000";"—";"14. Итого активов";"https://openinfo.uz/ru/reports/to_pdf17138/";"https://ai-analys-production.up.railway.app/company/ALKB"
"Банк";"ALKB";"Аksiyadorlik tijorat ""Aloqabank""";"2021Q4";"Итого капитала";"Добавить";"Нет значения";"1 673 505 943 000";"—";"30. Итого собственного капитала";"https://openinfo.uz/ru/reports/to_pdf17138/";"https://ai-analys-production.up.railway.app/company/ALKB"
"Банк";"ALKB";"Аksiyadorlik tijorat ""Aloqabank""";"2022Q4";"Итого активов";"Добавить";"Нет значения";"16 083 550 327 000";"—";"14. Итого активов";"https://openinfo.uz/ru/reports/to_pdf19669/";"https://ai-analys-production.up.railway.app/company/ALKB"
"Банк";"ALKB";"Аksiyadorlik tijorat ""Aloqabank""";"2022Q4";"Итого капитала";"Добавить";"Нет значения";"1 795 333 660 000";"—";"30. Итого собственного капитала";"https://openinfo.uz/ru/reports/to_pdf19669/";"https://ai-analys-production.up.railway.app/company/ALKB"
"Банк";"BRBN";"""Biznesni rivojlantirish banki"" aksiyadorlik tijorat banki";"2016Q4";"Итого активов";"Добавить";"Нет значения";"5 415 976 080 000";"—";"14. Итого активов";"https://openinfo.uz/ru/reports/to_pdf4817/";"https://ai-analys-production.up.railway.app/company/BRBN"
"Банк";"BRBN";"""Biznesni rivojlantirish banki"" aksiyadorlik tijorat banki";"2016Q4";"Итого капитала";"Добавить";"Нет значения";"495 194 291 000";"—";"30. Итого собственного капитала";"https://openinfo.uz/ru/reports/to_pdf4817/";"https://ai-analys-production.up.railway.app/company/BRBN"
"Банк";"BRBN";"""Biznesni rivojlantirish banki"" aksiyadorlik tijorat banki";"2017Q4";"Итого активов";"Добавить";"Нет значения";"6 647 071 922 000";"—";"14. Итого активов";"https://openinfo.uz/ru/reports/to_pdf7628/";"https://ai-analys-production.up.railway.app/company/BRBN"
"Банк";"BRBN";"""Biznesni rivojlantirish banki"" aksiyadorlik tijorat banki";"2017Q4";"Итого капитала";"Добавить";"Нет значения";"1 168 389 476 000";"—";"30. Итого собственного капитала";"https://openinfo.uz/ru/reports/to_pdf7628/";"https://ai-analys-production.up.railway.app/company/BRBN"
"Банк";"BRBN";"""Biznesni rivojlantirish banki"" aksiyadorlik tijorat banki";"2018Q4";"Итого активов";"Добавить";"Нет значения";"9 342 269 132 000";"—";"14. Итого активов";"https://openinfo.uz/ru/reports/to_pdf10324/";"https://ai-analys-production.up.railway.app/company/BRBN"
"Банк";"BRBN";"""Biznesni rivojlantirish banki"" aksiyadorlik tijorat banki";"2018Q4";"Итого капитала";"Добавить";"Нет значения";"1 235 140 768 000";"—";"30. Итого собственного капитала";"https://openinfo.uz/ru/reports/to_pdf10324/";"https://ai-analys-production.up.railway.app/company/BRBN"
"Банк";"BRBN";"""Biznesni rivojlantirish banki"" aksiyadorlik tijorat banki";"2019Q4";"Итого активов";"Добавить";"Нет значения";"12 709 431 432 000";"—";"14. Итого активов";"https://openinfo.uz/ru/reports/to_pdf13071/";"https://ai-analys-production.up.railway.app/company/BRBN"
"Банк";"BRBN";"""Biznesni rivojlantirish banki"" aksiyadorlik tijorat banki";"2019Q4";"Итого капитала";"Добавить";"Нет значения";"1 445 865 098 000";"—";"30. Итого собственного капитала";"https://openinfo.uz/ru/reports/to_pdf13071/";"https://ai-analys-production.up.railway.app/company/BRBN"
"Банк";"BRBN";"""Biznesni rivojlantirish banki"" aksiyadorlik tijorat banki";"2020Q4";"Итого активов";"Добавить";"Нет значения";"15 923 452 782 000";"—";"14. Итого активов";"https://openinfo.uz/ru/reports/to_pdf15501/";"https://ai-analys-production.up.railway.app/company/BRBN"
"Банк";"BRBN";"""Biznesni rivojlantirish banki"" aksiyadorlik tijorat banki";"2020Q4";"Итого капитала";"Добавить";"Нет значения";"2 413 947 023 000";"—";"30. Итого собственного капитала";"https://openinfo.uz/ru/reports/to_pdf15501/";"https://ai-analys-production.up.railway.app/company/BRBN"
"Банк";"BRBN";"""Biznesni rivojlantirish banki"" aksiyadorlik tijorat banki";"2021Q4";"Итого активов";"Добавить";"Нет значения";"20 708 096 135 000";"—";"14. Итого активов";"https://openinfo.uz/ru/reports/to_pdf17831/";"https://ai-analys-production.up.railway.app/company/BRBN"
"Банк";"BRBN";"""Biznesni rivojlantirish banki"" aksiyadorlik tijorat banki";"2021Q4";"Итого капитала";"Добавить";"Нет значения";"2 696 438 205 000";"—";"30. Итого собственного капитала";"https://openinfo.uz/ru/reports/to_pdf17831/";"https://ai-analys-production.up.railway.app/company/BRBN"
"Банк";"BRBN";"""Biznesni rivojlantirish banki"" aksiyadorlik tijorat banki";"2022Q4";"Итого активов";"Добавить";"Нет значения";"24 822 280 891 000";"—";"14. Итого активов";"https://openinfo.uz/ru/reports/to_pdf20551/";"https://ai-analys-production.up.railway.app/company/BRBN"
"Банк";"BRBN";"""Biznesni rivojlantirish banki"" aksiyadorlik tijorat banki";"2022Q4";"Итого капитала";"Добавить";"Нет значения";"2 943 777 071 000";"—";"30. Итого собственного капитала";"https://openinfo.uz/ru/reports/to_pdf20551/";"https://ai-analys-production.up.railway.app/company/BRBN"
"Банк";"GRBK";"""Garant Bank"" AJ";"2016Q4";"Итого активов";"Добавить";"Нет значения";"604 333 488 000";"—";"14. Итого активов";"https://openinfo.uz/ru/reports/to_pdf3946/";"https://ai-analys-production.up.railway.app/company/GRBK"
"Банк";"GRBK";"""Garant Bank"" AJ";"2016Q4";"Итого капитала";"Добавить";"Нет значения";"86 734 309 000";"—";"30. Итого собственного капитала";"https://openinfo.uz/ru/reports/to_pdf3946/";"https://ai-analys-production.up.railway.app/company/GRBK"
"Банк";"GRBK";"""Garant Bank"" AJ";"2017Q4";"Итого активов";"Добавить";"Нет значения";"716 667 680 000";"—";"14. Итого активов";"https://openinfo.uz/ru/reports/to_pdf6870/";"https://ai-analys-production.up.railway.app/company/GRBK"
"Банк";"GRBK";"""Garant Bank"" AJ";"2017Q4";"Итого капитала";"Добавить";"Нет значения";"168 087 177 000";"—";"30. Итого собственного капитала";"https://openinfo.uz/ru/reports/to_pdf6870/";"https://ai-analys-production.up.railway.app/company/GRBK"
"Банк";"GRBK";"""Garant Bank"" AJ";"2018Q4";"Итого активов";"Добавить";"Нет значения";"680 459 846 000";"—";"14. Итого активов";"https://openinfo.uz/ru/reports/to_pdf9590/";"https://ai-analys-production.up.railway.app/company/GRBK"
"Банк";"GRBK";"""Garant Bank"" AJ";"2018Q4";"Итого капитала";"Добавить";"Нет значения";"155 496 250 000";"—";"30. Итого собственного капитала";"https://openinfo.uz/ru/reports/to_pdf9590/";"https://ai-analys-production.up.railway.app/company/GRBK"
"Банк";"GRBK";"""Garant Bank"" AJ";"2019Q4";"Итого активов";"Добавить";"Нет значения";"1 063 422 788 000";"—";"14. Итого активов";"https://openinfo.uz/ru/reports/to_pdf13882/";"https://ai-analys-production.up.railway.app/company/GRBK"
"Банк";"GRBK";"""Garant Bank"" AJ";"2019Q4";"Итого капитала";"Добавить";"Нет значения";"164 090 687 000";"—";"30. Итого собственного капитала";"https://openinfo.uz/ru/reports/to_pdf13882/";"https://ai-analys-production.up.railway.app/company/GRBK"
"Банк";"GRBK";"""Garant Bank"" AJ";"2020Q4";"Итого активов";"Добавить";"Нет значения";"1 148 827 102 000";"—";"14. Итого активов";"https://openinfo.uz/ru/reports/to_pdf15381/";"https://ai-analys-production.up.railway.app/company/GRBK"
"Банк";"GRBK";"""Garant Bank"" AJ";"2020Q4";"Итого капитала";"Добавить";"Нет значения";"178 578 017 000";"—";"30. Итого собственного капитала";"https://openinfo.uz/ru/reports/to_pdf15381/";"https://ai-analys-production.up.railway.app/company/GRBK"
"Банк";"GRBK";"""Garant Bank"" AJ";"2022Q4";"Итого активов";"Добавить";"Нет значения";"1 583 659 707 000";"—";"14. Итого активов";"https://openinfo.uz/ru/reports/to_pdf20621/";"https://ai-analys-production.up.railway.app/company/GRBK"
"Банк";"GRBK";"""Garant Bank"" AJ";"2022Q4";"Итого капитала";"Добавить";"Нет значения";"285 210 466 000";"—";"30. Итого собственного капитала";"https://openinfo.uz/ru/reports/to_pdf20621/";"https://ai-analys-production.up.railway.app/company/GRBK"
"Банк";"GRBK";"""Garant Bank"" AJ";"2024Q4";"Итого активов";"Добавить";"Нет значения";"0";"—";"14. Итого активов";"https://openinfo.uz/ru/reports/to_pdf25104/";"https://ai-analys-production.up.railway.app/company/GRBK"
"Банк";"GRBK";"""Garant Bank"" AJ";"2024Q4";"Итого капитала";"Добавить";"Нет значения";"546 908 188 000";"—";"30. Итого собственного капитала";"https://openinfo.uz/ru/reports/to_pdf25104/";"https://ai-analys-production.up.railway.app/company/GRBK"
"Банк";"GRBK";"""Garant Bank"" AJ";"2024Q4";"Итого обязательств";"Заменить";"1 941 579 982 000";"0";"1 941 579 982 000";"25. Итого обязательств";"https://openinfo.uz/ru/reports/to_pdf25104/";"https://ai-analys-production.up.railway.app/company/GRBK"
"Банк";"HMKB";"Chet el kapitali ishtirokidagi ""Hamkorbank"" aksiyadorlik tijorat banki";"2015Q4";"Денежные средства";"Добавить";"Нет значения";"92 182 483 000";"—";"1. Кассовая наличность и другие платежные документы ";"https://openinfo.uz/ru/reports/to_pdf1678/";"https://ai-analys-production.up.railway.app/company/HMKB"
"Банк";"HMKB";"Chet el kapitali ishtirokidagi ""Hamkorbank"" aksiyadorlik tijorat banki";"2015Q4";"Итого активов";"Добавить";"Нет значения";"2 917 273 048 000";"—";"14. Итого активов";"https://openinfo.uz/ru/reports/to_pdf1678/";"https://ai-analys-production.up.railway.app/company/HMKB"
"Банк";"HMKB";"Chet el kapitali ishtirokidagi ""Hamkorbank"" aksiyadorlik tijorat banki";"2015Q4";"Итого капитала";"Добавить";"Нет значения";"307 681 438 000";"—";"30. Итого собственного капитала";"https://openinfo.uz/ru/reports/to_pdf1678/";"https://ai-analys-production.up.railway.app/company/HMKB"
"Банк";"HMKB";"Chet el kapitali ishtirokidagi ""Hamkorbank"" aksiyadorlik tijorat banki";"2015Q4";"Итого обязательств";"Добавить";"Нет значения";"2 609 591 610 000";"—";"25. Итого обязательств";"https://openinfo.uz/ru/reports/to_pdf1678/";"https://ai-analys-production.up.railway.app/company/HMKB"
"Банк";"HMKB";"Chet el kapitali ishtirokidagi ""Hamkorbank"" aksiyadorlik tijorat banki";"2018Q4";"Итого активов";"Добавить";"Нет значения";"6 868 384 770 000";"—";"14. Итого активов";"https://openinfo.uz/ru/reports/to_pdf10491/";"https://ai-analys-production.up.railway.app/company/HMKB"
"Банк";"HMKB";"Chet el kapitali ishtirokidagi ""Hamkorbank"" aksiyadorlik tijorat banki";"2018Q4";"Итого капитала";"Добавить";"Нет значения";"763 324 700 000";"—";"30. Итого собственного капитала";"https://openinfo.uz/ru/reports/to_pdf10491/";"https://ai-analys-production.up.railway.app/company/HMKB"
"Банк";"HMKB";"Chet el kapitali ishtirokidagi ""Hamkorbank"" aksiyadorlik tijorat banki";"2019Q4";"Итого активов";"Добавить";"Нет значения";"8 837 758 264 000";"—";"14. Итого активов";"https://openinfo.uz/ru/reports/to_pdf13749/";"https://ai-analys-production.up.railway.app/company/HMKB"
"Банк";"HMKB";"Chet el kapitali ishtirokidagi ""Hamkorbank"" aksiyadorlik tijorat banki";"2019Q4";"Итого капитала";"Добавить";"Нет значения";"1 137 669 192 000";"—";"30. Итого собственного капитала";"https://openinfo.uz/ru/reports/to_pdf13749/";"https://ai-analys-production.up.railway.app/company/HMKB"
"Банк";"HMKB";"Chet el kapitali ishtirokidagi ""Hamkorbank"" aksiyadorlik tijorat banki";"2020Q4";"Итого активов";"Добавить";"Нет значения";"10 462 638 795 000";"—";"14. Итого активов";"https://openinfo.uz/ru/reports/to_pdf15486/";"https://ai-analys-production.up.railway.app/company/HMKB"
"Банк";"HMKB";"Chet el kapitali ishtirokidagi ""Hamkorbank"" aksiyadorlik tijorat banki";"2020Q4";"Итого капитала";"Добавить";"Нет значения";"1 477 691 167 000";"—";"30. Итого собственного капитала";"https://openinfo.uz/ru/reports/to_pdf15486/";"https://ai-analys-production.up.railway.app/company/HMKB"
"Банк";"HMKB";"Chet el kapitali ishtirokidagi ""Hamkorbank"" aksiyadorlik tijorat banki";"2021Q4";"Итого активов";"Добавить";"Нет значения";"12 422 203 406 000";"—";"14. Итого активов";"https://openinfo.uz/ru/reports/to_pdf18019/";"https://ai-analys-production.up.railway.app/company/HMKB"
"Банк";"HMKB";"Chet el kapitali ishtirokidagi ""Hamkorbank"" aksiyadorlik tijorat banki";"2021Q4";"Итого капитала";"Добавить";"Нет значения";"1 927 565 262 000";"—";"30. Итого собственного капитала";"https://openinfo.uz/ru/reports/to_pdf18019/";"https://ai-analys-production.up.railway.app/company/HMKB"
"Банк";"HMKB";"Chet el kapitali ishtirokidagi ""Hamkorbank"" aksiyadorlik tijorat banki";"2022Q4";"Итого активов";"Добавить";"Нет значения";"16 720 700 702 000";"—";"14. Итого активов";"https://openinfo.uz/ru/reports/to_pdf20348/";"https://ai-analys-production.up.railway.app/company/HMKB"
"Банк";"HMKB";"Chet el kapitali ishtirokidagi ""Hamkorbank"" aksiyadorlik tijorat banki";"2022Q4";"Итого капитала";"Добавить";"Нет значения";"2 570 059 751 000";"—";"30. Итого собственного капитала";"https://openinfo.uz/ru/reports/to_pdf20348/";"https://ai-analys-production.up.railway.app/company/HMKB"
"Банк";"IPKY";"""Ipak Yo'li"" aksiyadorlik innovatsiya tijorat banki";"2017Q4";"Итого активов";"Добавить";"Нет значения";"3 243 190 604 000";"—";"14. Итого активов";"https://openinfo.uz/ru/reports/to_pdf7839/";"https://ai-analys-production.up.railway.app/company/IPKY"
"Банк";"IPKY";"""Ipak Yo'li"" aksiyadorlik innovatsiya tijorat banki";"2017Q4";"Итого капитала";"Добавить";"Нет значения";"365 791 599 000";"—";"30. Итого собственного капитала";"https://openinfo.uz/ru/reports/to_pdf7839/";"https://ai-analys-production.up.railway.app/company/IPKY"
"Банк";"IPKY";"""Ipak Yo'li"" aksiyadorlik innovatsiya tijorat banki";"2018Q4";"Итого активов";"Добавить";"Нет значения";"3 932 101 782 000";"—";"14. Итого активов";"https://openinfo.uz/ru/reports/to_pdf10605/";"https://ai-analys-production.up.railway.app/company/IPKY"
"Банк";"IPKY";"""Ipak Yo'li"" aksiyadorlik innovatsiya tijorat banki";"2018Q4";"Итого капитала";"Добавить";"Нет значения";"512 648 650 000";"—";"30. Итого собственного капитала";"https://openinfo.uz/ru/reports/to_pdf10605/";"https://ai-analys-production.up.railway.app/company/IPKY"
"Банк";"IPKY";"""Ipak Yo'li"" aksiyadorlik innovatsiya tijorat banki";"2019Q4";"Итого активов";"Добавить";"Нет значения";"5 327 477 102 000";"—";"14. Итого активов";"https://openinfo.uz/ru/reports/to_pdf13942/";"https://ai-analys-production.up.railway.app/company/IPKY"
"Банк";"IPKY";"""Ipak Yo'li"" aksiyadorlik innovatsiya tijorat banki";"2019Q4";"Итого капитала";"Добавить";"Нет значения";"727 936 782 000";"—";"30. Итого собственного капитала";"https://openinfo.uz/ru/reports/to_pdf13942/";"https://ai-analys-production.up.railway.app/company/IPKY"
"Банк";"IPKY";"""Ipak Yo'li"" aksiyadorlik innovatsiya tijorat banki";"2020Q4";"Итого активов";"Добавить";"Нет значения";"6 956 685 328 000";"—";"14. Итого активов";"https://openinfo.uz/ru/reports/to_pdf15587/";"https://ai-analys-production.up.railway.app/company/IPKY"
"Банк";"IPKY";"""Ipak Yo'li"" aksiyadorlik innovatsiya tijorat banki";"2020Q4";"Итого капитала";"Добавить";"Нет значения";"1 191 171 477 000";"—";"30. Итого собственного капитала";"https://openinfo.uz/ru/reports/to_pdf15587/";"https://ai-analys-production.up.railway.app/company/IPKY"
"Банк";"IPKY";"""Ipak Yo'li"" aksiyadorlik innovatsiya tijorat banki";"2021Q4";"Итого активов";"Добавить";"Нет значения";"6 956 685 328 000";"—";"14. Итого активов";"https://openinfo.uz/ru/reports/to_pdf18100/";"https://ai-analys-production.up.railway.app/company/IPKY"
"Банк";"IPKY";"""Ipak Yo'li"" aksiyadorlik innovatsiya tijorat banki";"2021Q4";"Итого капитала";"Добавить";"Нет значения";"1 191 171 477 000";"—";"30. Итого собственного капитала";"https://openinfo.uz/ru/reports/to_pdf18100/";"https://ai-analys-production.up.railway.app/company/IPKY"
"Банк";"IPKY";"""Ipak Yo'li"" aksiyadorlik innovatsiya tijorat banki";"2022Q4";"Итого активов";"Добавить";"Нет значения";"12 972 823 879 000";"—";"14. Итого активов";"https://openinfo.uz/ru/reports/to_pdf20444/";"https://ai-analys-production.up.railway.app/company/IPKY"
"Банк";"IPKY";"""Ipak Yo'li"" aksiyadorlik innovatsiya tijorat banki";"2022Q4";"Итого капитала";"Добавить";"Нет значения";"2 059 156 086 000";"—";"30. Итого собственного капитала";"https://openinfo.uz/ru/reports/to_pdf20444/";"https://ai-analys-production.up.railway.app/company/IPKY"
"Банк";"IPKY";"""Ipak Yo'li"" aksiyadorlik innovatsiya tijorat banki";"2023Q2";"Итого капитала";"Заменить";"−111 760 186 000";"2 475 089 967 000";"−2 586 850 153 000";"30. Итого собственного капитала";"https://openinfo.uz/ru/reports/to_pdf20889/";"https://ai-analys-production.up.railway.app/company/IPKY"
"Банк";"IPKY";"""Ipak Yo'li"" aksiyadorlik innovatsiya tijorat banki";"2023Q3";"Итого капитала";"Заменить";"−7 676 173 000";"2 598 343 753 000";"−2 606 019 926 000";"30. Итого собственного капитала";"https://openinfo.uz/ru/reports/to_pdf21507/";"https://ai-analys-production.up.railway.app/company/IPKY"
"Банк";"IPTB";"""Ipoteka-bank"" aksiyadorlik tijorat ipoteka banki";"2018Q4";"Итого активов";"Добавить";"Нет значения";"19 754 858 881 000";"—";"14. Итого активов";"https://openinfo.uz/ru/reports/to_pdf10598/";"https://ai-analys-production.up.railway.app/company/IPTB"
"Банк";"IPTB";"""Ipoteka-bank"" aksiyadorlik tijorat ipoteka banki";"2018Q4";"Итого капитала";"Добавить";"Нет значения";"1 610 723 877 000";"—";"30. Итого собственного капитала";"https://openinfo.uz/ru/reports/to_pdf10598/";"https://ai-analys-production.up.railway.app/company/IPTB"
"Банк";"IPTB";"""Ipoteka-bank"" aksiyadorlik tijorat ipoteka banki";"2020Q4";"Итого активов";"Добавить";"Нет значения";"32 409 604 355 000";"—";"14. Итого активов";"https://openinfo.uz/ru/reports/to_pdf15389/";"https://ai-analys-production.up.railway.app/company/IPTB"
"Банк";"IPTB";"""Ipoteka-bank"" aksiyadorlik tijorat ipoteka banki";"2020Q4";"Итого капитала";"Добавить";"Нет значения";"4 273 978 879 000";"—";"30. Итого собственного капитала";"https://openinfo.uz/ru/reports/to_pdf15389/";"https://ai-analys-production.up.railway.app/company/IPTB"
"Банк";"IPTB";"""Ipoteka-bank"" aksiyadorlik tijorat ipoteka banki";"2021Q4";"Итого активов";"Добавить";"Нет значения";"40 011 934 137 000";"—";"14. Итого активов";"https://openinfo.uz/ru/reports/to_pdf17958/";"https://ai-analys-production.up.railway.app/company/IPTB"
"Банк";"IPTB";"""Ipoteka-bank"" aksiyadorlik tijorat ipoteka banki";"2021Q4";"Итого капитала";"Добавить";"Нет значения";"5 087 147 606 000";"—";"30. Итого собственного капитала";"https://openinfo.uz/ru/reports/to_pdf17958/";"https://ai-analys-production.up.railway.app/company/IPTB"
"Банк";"IPTB";"""Ipoteka-bank"" aksiyadorlik tijorat ipoteka banki";"2022Q4";"Итого активов";"Добавить";"Нет значения";"44 186 641 119 000";"—";"14. Итого активов";"https://openinfo.uz/ru/reports/to_pdf20617/";"https://ai-analys-production.up.railway.app/company/IPTB"
"Банк";"IPTB";"""Ipoteka-bank"" aksiyadorlik tijorat ipoteka banki";"2022Q4";"Итого капитала";"Добавить";"Нет значения";"5 917 435 152 000";"—";"30. Итого собственного капитала";"https://openinfo.uz/ru/reports/to_pdf20617/";"https://ai-analys-production.up.railway.app/company/IPTB"
"Банк";"MCBA";"""Mikrokreditbank"" aksiyadorlik-tijorat banki";"2015Q4";"Денежные средства";"Добавить";"Нет значения";"63 187 875 000";"—";"1. Кассовая наличность и другие платежные документы ";"https://openinfo.uz/ru/reports/to_pdf1695/";"https://ai-analys-production.up.railway.app/company/MCBA"
"Банк";"MCBA";"""Mikrokreditbank"" aksiyadorlik-tijorat banki";"2015Q4";"Итого активов";"Добавить";"Нет значения";"1 194 987 487 000";"—";"14. Итого активов";"https://openinfo.uz/ru/reports/to_pdf1695/";"https://ai-analys-production.up.railway.app/company/MCBA"
"Банк";"MCBA";"""Mikrokreditbank"" aksiyadorlik-tijorat banki";"2015Q4";"Итого капитала";"Добавить";"Нет значения";"253 010 245 000";"—";"30. Итого собственного капитала";"https://openinfo.uz/ru/reports/to_pdf1695/";"https://ai-analys-production.up.railway.app/company/MCBA"
"Банк";"MCBA";"""Mikrokreditbank"" aksiyadorlik-tijorat banki";"2015Q4";"Итого обязательств";"Добавить";"Нет значения";"941 977 242 000";"—";"25. Итого обязательств";"https://openinfo.uz/ru/reports/to_pdf1695/";"https://ai-analys-production.up.railway.app/company/MCBA"
"Банк";"MCBA";"""Mikrokreditbank"" aksiyadorlik-tijorat banki";"2016Q4";"Итого активов";"Добавить";"Нет значения";"1 427 769 616 000";"—";"14. Итого активов";"https://openinfo.uz/ru/reports/to_pdf5211/";"https://ai-analys-production.up.railway.app/company/MCBA"
"Банк";"MCBA";"""Mikrokreditbank"" aksiyadorlik-tijorat banki";"2016Q4";"Итого капитала";"Добавить";"Нет значения";"282 646 747 000";"—";"30. Итого собственного капитала";"https://openinfo.uz/ru/reports/to_pdf5211/";"https://ai-analys-production.up.railway.app/company/MCBA"
"Банк";"MCBA";"""Mikrokreditbank"" aksiyadorlik-tijorat banki";"2017Q4";"Итого активов";"Добавить";"Нет значения";"1 742 993 049 000";"—";"14. Итого активов";"https://openinfo.uz/ru/reports/to_pdf7991/";"https://ai-analys-production.up.railway.app/company/MCBA"
"Банк";"MCBA";"""Mikrokreditbank"" aksiyadorlik-tijorat banki";"2017Q4";"Итого капитала";"Добавить";"Нет значения";"545 774 866 000";"—";"30. Итого собственного капитала";"https://openinfo.uz/ru/reports/to_pdf7991/";"https://ai-analys-production.up.railway.app/company/MCBA"
"Банк";"MCBA";"""Mikrokreditbank"" aksiyadorlik-tijorat banki";"2018Q4";"Итого активов";"Добавить";"Нет значения";"3 008 045 592 000";"—";"14. Итого активов";"https://openinfo.uz/ru/reports/to_pdf10716/";"https://ai-analys-production.up.railway.app/company/MCBA"
"Банк";"MCBA";"""Mikrokreditbank"" aksiyadorlik-tijorat banki";"2018Q4";"Итого капитала";"Добавить";"Нет значения";"665 013 964 000";"—";"30. Итого собственного капитала";"https://openinfo.uz/ru/reports/to_pdf10716/";"https://ai-analys-production.up.railway.app/company/MCBA"
"Банк";"MCBA";"""Mikrokreditbank"" aksiyadorlik-tijorat banki";"2019Q4";"Итого активов";"Добавить";"Нет значения";"5 890 272 405 000";"—";"14. Итого активов";"https://openinfo.uz/ru/reports/to_pdf13527/";"https://ai-analys-production.up.railway.app/company/MCBA"
"Банк";"MCBA";"""Mikrokreditbank"" aksiyadorlik-tijorat banki";"2019Q4";"Итого капитала";"Добавить";"Нет значения";"1 625 105 475 000";"—";"30. Итого собственного капитала";"https://openinfo.uz/ru/reports/to_pdf13527/";"https://ai-analys-production.up.railway.app/company/MCBA"
"Банк";"MCBA";"""Mikrokreditbank"" aksiyadorlik-tijorat banki";"2020Q4";"Итого активов";"Добавить";"Нет значения";"10 282 915 840 000";"—";"14. Итого активов";"https://openinfo.uz/ru/reports/to_pdf15564/";"https://ai-analys-production.up.railway.app/company/MCBA"
"Банк";"MCBA";"""Mikrokreditbank"" aksiyadorlik-tijorat banki";"2020Q4";"Итого капитала";"Добавить";"Нет значения";"1 738 289 532 000";"—";"30. Итого собственного капитала";"https://openinfo.uz/ru/reports/to_pdf15564/";"https://ai-analys-production.up.railway.app/company/MCBA"
"Банк";"MCBA";"""Mikrokreditbank"" aksiyadorlik-tijorat banki";"2021Q4";"Итого активов";"Добавить";"Нет значения";"13 483 353 628 000";"—";"14. Итого активов";"https://openinfo.uz/ru/reports/to_pdf17938/";"https://ai-analys-production.up.railway.app/company/MCBA"
"Банк";"MCBA";"""Mikrokreditbank"" aksiyadorlik-tijorat banki";"2021Q4";"Итого капитала";"Добавить";"Нет значения";"2 321 096 230 000";"—";"30. Итого собственного капитала";"https://openinfo.uz/ru/reports/to_pdf17938/";"https://ai-analys-production.up.railway.app/company/MCBA"
"Банк";"MCBA";"""Mikrokreditbank"" aksiyadorlik-tijorat banki";"2022Q4";"Итого активов";"Добавить";"Нет значения";"16 782 496 965 000";"—";"14. Итого активов";"https://openinfo.uz/ru/reports/to_pdf20648/";"https://ai-analys-production.up.railway.app/company/MCBA"
"Банк";"MCBA";"""Mikrokreditbank"" aksiyadorlik-tijorat banki";"2022Q4";"Итого капитала";"Добавить";"Нет значения";"3 643 911 081 000";"—";"30. Итого собственного капитала";"https://openinfo.uz/ru/reports/to_pdf20648/";"https://ai-analys-production.up.railway.app/company/MCBA"
"Банк";"MCBA";"""Mikrokreditbank"" aksiyadorlik-tijorat banki";"2024Q2";"Итого капитала";"Заменить";"3 936 524 005 000";"3 936 524 006 000";"−1 000";"30. Итого собственного капитала";"https://openinfo.uz/ru/reports/to_pdf23389/";"https://ai-analys-production.up.railway.app/company/MCBA"
"Банк";"OCBK";"«Octobank» aksiyadorlik jamiyati";"2016Q4";"Денежные средства";"Добавить";"Нет значения";"3 912 977 000";"—";"1. Кассовая наличность и другие платежные документы ";"https://openinfo.uz/ru/reports/to_pdf4878/";"https://ai-analys-production.up.railway.app/company/OCBK"
"Банк";"OCBK";"«Octobank» aksiyadorlik jamiyati";"2016Q4";"Итого активов";"Добавить";"Нет значения";"239 192 386 000";"—";"14. Итого активов";"https://openinfo.uz/ru/reports/to_pdf4878/";"https://ai-analys-production.up.railway.app/company/OCBK"
"Банк";"OCBK";"«Octobank» aksiyadorlik jamiyati";"2016Q4";"Итого капитала";"Добавить";"Нет значения";"26 962 416 000";"—";"30. Итого собственного капитала";"https://openinfo.uz/ru/reports/to_pdf4878/";"https://ai-analys-production.up.railway.app/company/OCBK"
"Банк";"OCBK";"«Octobank» aksiyadorlik jamiyati";"2016Q4";"Итого обязательств";"Добавить";"Нет значения";"212 229 970 000";"—";"25. Итого обязательств";"https://openinfo.uz/ru/reports/to_pdf4878/";"https://ai-analys-production.up.railway.app/company/OCBK"
"Банк";"OCBK";"«Octobank» aksiyadorlik jamiyati";"2017Q4";"Денежные средства";"Добавить";"Нет значения";"36 198 500 000";"—";"1. Кассовая наличность и другие платежные документы ";"https://openinfo.uz/ru/reports/to_pdf7539/";"https://ai-analys-production.up.railway.app/company/OCBK"
"Банк";"OCBK";"«Octobank» aksiyadorlik jamiyati";"2017Q4";"Итого активов";"Добавить";"Нет значения";"340 384 092 000";"—";"14. Итого активов";"https://openinfo.uz/ru/reports/to_pdf7539/";"https://ai-analys-production.up.railway.app/company/OCBK"
"Банк";"OCBK";"«Octobank» aksiyadorlik jamiyati";"2017Q4";"Итого капитала";"Добавить";"Нет значения";"37 230 058 000";"—";"30. Итого собственного капитала";"https://openinfo.uz/ru/reports/to_pdf7539/";"https://ai-analys-production.up.railway.app/company/OCBK"
"Банк";"OCBK";"«Octobank» aksiyadorlik jamiyati";"2017Q4";"Итого обязательств";"Добавить";"Нет значения";"303 154 034 000";"—";"25. Итого обязательств";"https://openinfo.uz/ru/reports/to_pdf7539/";"https://ai-analys-production.up.railway.app/company/OCBK"
"Банк";"OCBK";"«Octobank» aksiyadorlik jamiyati";"2018Q4";"Денежные средства";"Добавить";"Нет значения";"18 961 633 000";"—";"1. Кассовая наличность и другие платежные документы ";"https://openinfo.uz/ru/reports/to_pdf10433/";"https://ai-analys-production.up.railway.app/company/OCBK"
"Банк";"OCBK";"«Octobank» aksiyadorlik jamiyati";"2018Q4";"Итого активов";"Добавить";"Нет значения";"438 827 332 000";"—";"14. Итого активов";"https://openinfo.uz/ru/reports/to_pdf10433/";"https://ai-analys-production.up.railway.app/company/OCBK"
"Банк";"OCBK";"«Octobank» aksiyadorlik jamiyati";"2018Q4";"Итого капитала";"Добавить";"Нет значения";"116 595 607 000";"—";"30. Итого собственного капитала";"https://openinfo.uz/ru/reports/to_pdf10433/";"https://ai-analys-production.up.railway.app/company/OCBK"
"Банк";"OCBK";"«Octobank» aksiyadorlik jamiyati";"2018Q4";"Итого обязательств";"Добавить";"Нет значения";"322 231 725 000";"—";"25. Итого обязательств";"https://openinfo.uz/ru/reports/to_pdf10433/";"https://ai-analys-production.up.railway.app/company/OCBK"
"Банк";"OCBK";"«Octobank» aksiyadorlik jamiyati";"2019Q4";"Денежные средства";"Добавить";"Нет значения";"16 895 896 000";"—";"1. Кассовая наличность и другие платежные документы ";"https://openinfo.uz/ru/reports/to_pdf12840/";"https://ai-analys-production.up.railway.app/company/OCBK"
"Банк";"OCBK";"«Octobank» aksiyadorlik jamiyati";"2019Q4";"Итого активов";"Добавить";"Нет значения";"608 676 290 000";"—";"14. Итого активов";"https://openinfo.uz/ru/reports/to_pdf12840/";"https://ai-analys-production.up.railway.app/company/OCBK"
"Банк";"OCBK";"«Octobank» aksiyadorlik jamiyati";"2019Q4";"Итого капитала";"Добавить";"Нет значения";"129 504 719 000";"—";"30. Итого собственного капитала";"https://openinfo.uz/ru/reports/to_pdf12840/";"https://ai-analys-production.up.railway.app/company/OCBK"
"Банк";"OCBK";"«Octobank» aksiyadorlik jamiyati";"2019Q4";"Итого обязательств";"Добавить";"Нет значения";"479 171 571 000";"—";"25. Итого обязательств";"https://openinfo.uz/ru/reports/to_pdf12840/";"https://ai-analys-production.up.railway.app/company/OCBK"
"Банк";"OCBK";"«Octobank» aksiyadorlik jamiyati";"2020Q4";"Денежные средства";"Добавить";"Нет значения";"25 334 604 000";"—";"1. Кассовая наличность и другие платежные документы ";"https://openinfo.uz/ru/reports/to_pdf15356/";"https://ai-analys-production.up.railway.app/company/OCBK"
"Банк";"OCBK";"«Octobank» aksiyadorlik jamiyati";"2020Q4";"Итого активов";"Добавить";"Нет значения";"740 256 288 000";"—";"14. Итого активов";"https://openinfo.uz/ru/reports/to_pdf15356/";"https://ai-analys-production.up.railway.app/company/OCBK"
"Банк";"OCBK";"«Octobank» aksiyadorlik jamiyati";"2020Q4";"Итого капитала";"Добавить";"Нет значения";"136 814 772 000";"—";"30. Итого собственного капитала";"https://openinfo.uz/ru/reports/to_pdf15356/";"https://ai-analys-production.up.railway.app/company/OCBK"
"Банк";"OCBK";"«Octobank» aksiyadorlik jamiyati";"2020Q4";"Итого обязательств";"Добавить";"Нет значения";"603 441 516 000";"—";"25. Итого обязательств";"https://openinfo.uz/ru/reports/to_pdf15356/";"https://ai-analys-production.up.railway.app/company/OCBK"
"Банк";"OCBK";"«Octobank» aksiyadorlik jamiyati";"2021Q4";"Денежные средства";"Добавить";"Нет значения";"22 239 796 000";"—";"1. Кассовая наличность и другие платежные документы ";"https://openinfo.uz/ru/reports/to_pdf17835/";"https://ai-analys-production.up.railway.app/company/OCBK"
"Банк";"OCBK";"«Octobank» aksiyadorlik jamiyati";"2021Q4";"Итого активов";"Добавить";"Нет значения";"838 489 636 000";"—";"14. Итого активов";"https://openinfo.uz/ru/reports/to_pdf17835/";"https://ai-analys-production.up.railway.app/company/OCBK"
"Банк";"OCBK";"«Octobank» aksiyadorlik jamiyati";"2021Q4";"Итого капитала";"Добавить";"Нет значения";"143 109 738 000";"—";"30. Итого собственного капитала";"https://openinfo.uz/ru/reports/to_pdf17835/";"https://ai-analys-production.up.railway.app/company/OCBK"
"Банк";"OCBK";"«Octobank» aksiyadorlik jamiyati";"2021Q4";"Итого обязательств";"Добавить";"Нет значения";"695 379 898 000";"—";"25. Итого обязательств";"https://openinfo.uz/ru/reports/to_pdf17835/";"https://ai-analys-production.up.railway.app/company/OCBK"
"Банк";"OCBK";"«Octobank» aksiyadorlik jamiyati";"2022Q4";"Денежные средства";"Добавить";"Нет значения";"54 282 821 000";"—";"1. Кассовая наличность и другие платежные документы ";"https://openinfo.uz/ru/reports/to_pdf20430/";"https://ai-analys-production.up.railway.app/company/OCBK"
"Банк";"OCBK";"«Octobank» aksiyadorlik jamiyati";"2022Q4";"Итого активов";"Добавить";"Нет значения";"842 986 916 000";"—";"14. Итого активов";"https://openinfo.uz/ru/reports/to_pdf20430/";"https://ai-analys-production.up.railway.app/company/OCBK"
"Банк";"OCBK";"«Octobank» aksiyadorlik jamiyati";"2022Q4";"Итого капитала";"Добавить";"Нет значения";"129 608 063 000";"—";"30. Итого собственного капитала";"https://openinfo.uz/ru/reports/to_pdf20430/";"https://ai-analys-production.up.railway.app/company/OCBK"
"Банк";"OCBK";"«Octobank» aksiyadorlik jamiyati";"2022Q4";"Итого обязательств";"Добавить";"Нет значения";"713 378 853 000";"—";"25. Итого обязательств";"https://openinfo.uz/ru/reports/to_pdf20430/";"https://ai-analys-production.up.railway.app/company/OCBK"
"Банк";"OCBK";"«Octobank» aksiyadorlik jamiyati";"2023Q2";"Денежные средства";"Добавить";"Нет значения";"35 094 315 000";"—";"1. Кассовая наличность и другие платежные документы ";"https://openinfo.uz/ru/reports/to_pdf20724/";"https://ai-analys-production.up.railway.app/company/OCBK"
"Банк";"OCBK";"«Octobank» aksiyadorlik jamiyati";"2023Q2";"Итого активов";"Добавить";"Нет значения";"778 235 028 000";"—";"14. Итого активов";"https://openinfo.uz/ru/reports/to_pdf20724/";"https://ai-analys-production.up.railway.app/company/OCBK"
"Банк";"OCBK";"«Octobank» aksiyadorlik jamiyati";"2023Q2";"Итого капитала";"Добавить";"Нет значения";"126 150 147 000";"—";"30. Итого собственного капитала";"https://openinfo.uz/ru/reports/to_pdf20724/";"https://ai-analys-production.up.railway.app/company/OCBK"
"Банк";"OCBK";"«Octobank» aksiyadorlik jamiyati";"2023Q2";"Итого обязательств";"Добавить";"Нет значения";"652 084 881 000";"—";"25. Итого обязательств";"https://openinfo.uz/ru/reports/to_pdf20724/";"https://ai-analys-production.up.railway.app/company/OCBK"
"Банк";"OCBK";"«Octobank» aksiyadorlik jamiyati";"2023Q3";"Денежные средства";"Добавить";"Нет значения";"145 387 392 000";"—";"1. Кассовая наличность и другие платежные документы ";"https://openinfo.uz/ru/reports/to_pdf21335/";"https://ai-analys-production.up.railway.app/company/OCBK"
"Банк";"OCBK";"«Octobank» aksiyadorlik jamiyati";"2023Q3";"Итого активов";"Добавить";"Нет значения";"1 415 773 594 000";"—";"14. Итого активов";"https://openinfo.uz/ru/reports/to_pdf21335/";"https://ai-analys-production.up.railway.app/company/OCBK"
"Банк";"OCBK";"«Octobank» aksiyadorlik jamiyati";"2023Q3";"Итого капитала";"Добавить";"Нет значения";"244 447 370 000";"—";"30. Итого собственного капитала";"https://openinfo.uz/ru/reports/to_pdf21335/";"https://ai-analys-production.up.railway.app/company/OCBK"
"Банк";"OCBK";"«Octobank» aksiyadorlik jamiyati";"2023Q3";"Итого обязательств";"Добавить";"Нет значения";"1 171 326 224 000";"—";"25. Итого обязательств";"https://openinfo.uz/ru/reports/to_pdf21335/";"https://ai-analys-production.up.railway.app/company/OCBK"
"Банк";"OCBK";"«Octobank» aksiyadorlik jamiyati";"2023Q4";"Денежные средства";"Добавить";"Нет значения";"102 164 370 000";"—";"1. Кассовая наличность и другие платежные документы ";"https://openinfo.uz/ru/reports/to_pdf22746/";"https://ai-analys-production.up.railway.app/company/OCBK"
"Банк";"OCBK";"«Octobank» aksiyadorlik jamiyati";"2023Q4";"Итого активов";"Добавить";"Нет значения";"2 367 133 245 000";"—";"14. Итого активов";"https://openinfo.uz/ru/reports/to_pdf22746/";"https://ai-analys-production.up.railway.app/company/OCBK"
"Банк";"OCBK";"«Octobank» aksiyadorlik jamiyati";"2023Q4";"Итого капитала";"Добавить";"Нет значения";"479 293 141 000";"—";"30. Итого собственного капитала";"https://openinfo.uz/ru/reports/to_pdf22746/";"https://ai-analys-production.up.railway.app/company/OCBK"
"Банк";"OCBK";"«Octobank» aksiyadorlik jamiyati";"2023Q4";"Итого обязательств";"Добавить";"Нет значения";"1 887 840 104 000";"—";"25. Итого обязательств";"https://openinfo.uz/ru/reports/to_pdf22746/";"https://ai-analys-production.up.railway.app/company/OCBK"
"Банк";"OCBK";"«Octobank» aksiyadorlik jamiyati";"2024Q1";"Денежные средства";"Добавить";"Нет значения";"764 589 551 000";"—";"1. Кассовая наличность и другие платежные документы ";"https://openinfo.uz/ru/reports/to_pdf22023/";"https://ai-analys-production.up.railway.app/company/OCBK"
"Банк";"OCBK";"«Octobank» aksiyadorlik jamiyati";"2024Q1";"Итого активов";"Добавить";"Нет значения";"2 856 414 215 000";"—";"14. Итого активов";"https://openinfo.uz/ru/reports/to_pdf22023/";"https://ai-analys-production.up.railway.app/company/OCBK"
"Банк";"OCBK";"«Octobank» aksiyadorlik jamiyati";"2024Q1";"Итого капитала";"Добавить";"Нет значения";"501 094 052 000";"—";"30. Итого собственного капитала";"https://openinfo.uz/ru/reports/to_pdf22023/";"https://ai-analys-production.up.railway.app/company/OCBK"
"Банк";"OCBK";"«Octobank» aksiyadorlik jamiyati";"2024Q1";"Итого обязательств";"Добавить";"Нет значения";"2 355 320 163 000";"—";"25. Итого обязательств";"https://openinfo.uz/ru/reports/to_pdf22023/";"https://ai-analys-production.up.railway.app/company/OCBK"
"Банк";"OCBK";"«Octobank» aksiyadorlik jamiyati";"2024Q2";"Денежные средства";"Добавить";"Нет значения";"200 757 446 000";"—";"1. Кассовая наличность и другие платежные документы ";"https://openinfo.uz/ru/reports/to_pdf22902/";"https://ai-analys-production.up.railway.app/company/OCBK"
"Банк";"OCBK";"«Octobank» aksiyadorlik jamiyati";"2024Q2";"Итого активов";"Добавить";"Нет значения";"2 739 519 387 000";"—";"14. Итого активов";"https://openinfo.uz/ru/reports/to_pdf22902/";"https://ai-analys-production.up.railway.app/company/OCBK"
"Банк";"OCBK";"«Octobank» aksiyadorlik jamiyati";"2024Q2";"Итого капитала";"Добавить";"Нет значения";"529 007 499 000";"—";"30. Итого собственного капитала";"https://openinfo.uz/ru/reports/to_pdf22902/";"https://ai-analys-production.up.railway.app/company/OCBK"
"Банк";"OCBK";"«Octobank» aksiyadorlik jamiyati";"2024Q2";"Итого обязательств";"Добавить";"Нет значения";"2 210 511 888 000";"—";"25. Итого обязательств";"https://openinfo.uz/ru/reports/to_pdf22902/";"https://ai-analys-production.up.railway.app/company/OCBK"
"Банк";"OCBK";"«Octobank» aksiyadorlik jamiyati";"2024Q3";"Денежные средства";"Добавить";"Нет значения";"309 631 549 000";"—";"1. Кассовая наличность и другие платежные документы ";"https://openinfo.uz/ru/reports/to_pdf23647/";"https://ai-analys-production.up.railway.app/company/OCBK"
"Банк";"OCBK";"«Octobank» aksiyadorlik jamiyati";"2024Q3";"Итого активов";"Добавить";"Нет значения";"2 915 290 639 000";"—";"14. Итого активов";"https://openinfo.uz/ru/reports/to_pdf23647/";"https://ai-analys-production.up.railway.app/company/OCBK"
"Банк";"OCBK";"«Octobank» aksiyadorlik jamiyati";"2024Q3";"Итого капитала";"Добавить";"Нет значения";"592 196 025 000";"—";"30. Итого собственного капитала";"https://openinfo.uz/ru/reports/to_pdf23647/";"https://ai-analys-production.up.railway.app/company/OCBK"
"Банк";"OCBK";"«Octobank» aksiyadorlik jamiyati";"2024Q3";"Итого обязательств";"Добавить";"Нет значения";"2 323 094 614 000";"—";"25. Итого обязательств";"https://openinfo.uz/ru/reports/to_pdf23647/";"https://ai-analys-production.up.railway.app/company/OCBK"
"Банк";"OCBK";"«Octobank» aksiyadorlik jamiyati";"2024Q4";"Денежные средства";"Добавить";"Нет значения";"476 325 824 000";"—";"1. Кассовая наличность и другие платежные документы ";"https://openinfo.uz/ru/reports/to_pdf24969/";"https://ai-analys-production.up.railway.app/company/OCBK"
"Банк";"OCBK";"«Octobank» aksiyadorlik jamiyati";"2024Q4";"Итого активов";"Добавить";"Нет значения";"3 162 848 104 000";"—";"14. Итого активов";"https://openinfo.uz/ru/reports/to_pdf24969/";"https://ai-analys-production.up.railway.app/company/OCBK"
"Банк";"OCBK";"«Octobank» aksiyadorlik jamiyati";"2024Q4";"Итого капитала";"Добавить";"Нет значения";"754 980 578 000";"—";"30. Итого собственного капитала";"https://openinfo.uz/ru/reports/to_pdf24969/";"https://ai-analys-production.up.railway.app/company/OCBK"
"Банк";"OCBK";"«Octobank» aksiyadorlik jamiyati";"2024Q4";"Итого обязательств";"Добавить";"Нет значения";"2 407 867 526 000";"—";"25. Итого обязательств";"https://openinfo.uz/ru/reports/to_pdf24969/";"https://ai-analys-production.up.railway.app/company/OCBK"
"Банк";"OCBK";"«Octobank» aksiyadorlik jamiyati";"2025Q1";"Денежные средства";"Добавить";"Нет значения";"687 626 154 000";"—";"1. Кассовая наличность и другие платежные документы ";"https://openinfo.uz/ru/reports/to_pdf24234/";"https://ai-analys-production.up.railway.app/company/OCBK"
"Банк";"OCBK";"«Octobank» aksiyadorlik jamiyati";"2025Q1";"Итого активов";"Добавить";"Нет значения";"4 069 204 670 000";"—";"14. Итого активов";"https://openinfo.uz/ru/reports/to_pdf24234/";"https://ai-analys-production.up.railway.app/company/OCBK"
"Банк";"OCBK";"«Octobank» aksiyadorlik jamiyati";"2025Q1";"Итого капитала";"Добавить";"Нет значения";"873 501 853 000";"—";"30. Итого собственного капитала";"https://openinfo.uz/ru/reports/to_pdf24234/";"https://ai-analys-production.up.railway.app/company/OCBK"
"Банк";"OCBK";"«Octobank» aksiyadorlik jamiyati";"2025Q1";"Итого обязательств";"Добавить";"Нет значения";"3 195 702 817 000";"—";"25. Итого обязательств";"https://openinfo.uz/ru/reports/to_pdf24234/";"https://ai-analys-production.up.railway.app/company/OCBK"
"Банк";"OCBK";"«Octobank» aksiyadorlik jamiyati";"2025Q2";"Денежные средства";"Добавить";"Нет значения";"286 187 873 000";"—";"1. Кассовая наличность и другие платежные документы ";"https://openinfo.uz/ru/reports/to_pdf25228/";"https://ai-analys-production.up.railway.app/company/OCBK"
"Банк";"OCBK";"«Octobank» aksiyadorlik jamiyati";"2025Q2";"Итого активов";"Добавить";"Нет значения";"4 977 394 442 000";"—";"14. Итого активов";"https://openinfo.uz/ru/reports/to_pdf25228/";"https://ai-analys-production.up.railway.app/company/OCBK"
"Банк";"OCBK";"«Octobank» aksiyadorlik jamiyati";"2025Q2";"Итого капитала";"Добавить";"Нет значения";"927 337 308 000";"—";"30. Итого собственного капитала";"https://openinfo.uz/ru/reports/to_pdf25228/";"https://ai-analys-production.up.railway.app/company/OCBK"
"Банк";"OCBK";"«Octobank» aksiyadorlik jamiyati";"2025Q2";"Итого обязательств";"Добавить";"Нет значения";"4 050 057 134 000";"—";"25. Итого обязательств";"https://openinfo.uz/ru/reports/to_pdf25228/";"https://ai-analys-production.up.railway.app/company/OCBK"
"Банк";"OCBK";"«Octobank» aksiyadorlik jamiyati";"2025Q3";"Денежные средства";"Добавить";"Нет значения";"871 297 934 000";"—";"1. Кассовая наличность и другие платежные документы ";"https://openinfo.uz/ru/reports/to_pdf25833/";"https://ai-analys-production.up.railway.app/company/OCBK"
"Банк";"OCBK";"«Octobank» aksiyadorlik jamiyati";"2025Q3";"Итого активов";"Добавить";"Нет значения";"5 242 873 279 000";"—";"14. Итого активов";"https://openinfo.uz/ru/reports/to_pdf25833/";"https://ai-analys-production.up.railway.app/company/OCBK"
"Банк";"OCBK";"«Octobank» aksiyadorlik jamiyati";"2025Q3";"Итого капитала";"Добавить";"Нет значения";"934 118 247 000";"—";"30. Итого собственного капитала";"https://openinfo.uz/ru/reports/to_pdf25833/";"https://ai-analys-production.up.railway.app/company/OCBK"
"Банк";"OCBK";"«Octobank» aksiyadorlik jamiyati";"2025Q3";"Итого обязательств";"Добавить";"Нет значения";"4 308 755 032 000";"—";"25. Итого обязательств";"https://openinfo.uz/ru/reports/to_pdf25833/";"https://ai-analys-production.up.railway.app/company/OCBK"
"Банк";"OCBK";"«Octobank» aksiyadorlik jamiyati";"2025Q4";"Денежные средства";"Добавить";"Нет значения";"344 560 855 000";"—";"1. Кассовая наличность и другие платежные документы ";"https://openinfo.uz/ru/reports/to_pdf30536/";"https://ai-analys-production.up.railway.app/company/OCBK"
"Банк";"OCBK";"«Octobank» aksiyadorlik jamiyati";"2025Q4";"Итого активов";"Добавить";"Нет значения";"12 201 759 061 000";"—";"14. Итого активов";"https://openinfo.uz/ru/reports/to_pdf30536/";"https://ai-analys-production.up.railway.app/company/OCBK"
"Банк";"OCBK";"«Octobank» aksiyadorlik jamiyati";"2025Q4";"Итого капитала";"Добавить";"Нет значения";"1 020 971 144 000";"—";"30. Итого собственного капитала";"https://openinfo.uz/ru/reports/to_pdf30536/";"https://ai-analys-production.up.railway.app/company/OCBK"
"Банк";"OCBK";"«Octobank» aksiyadorlik jamiyati";"2025Q4";"Итого обязательств";"Добавить";"Нет значения";"169 394 413 000";"—";"25. Итого обязательств";"https://openinfo.uz/ru/reports/to_pdf30536/";"https://ai-analys-production.up.railway.app/company/OCBK"
"Банк";"OCBK";"«Octobank» aksiyadorlik jamiyati";"2026Q1";"Денежные средства";"Добавить";"Нет значения";"1 447 693 511 000";"—";"1. Кассовая наличность и другие платежные документы ";"https://openinfo.uz/ru/reports/to_pdf29542/";"https://ai-analys-production.up.railway.app/company/OCBK"
"Банк";"OCBK";"«Octobank» aksiyadorlik jamiyati";"2026Q1";"Итого активов";"Добавить";"Нет значения";"15 519 671 031 000";"—";"14. Итого активов";"https://openinfo.uz/ru/reports/to_pdf29542/";"https://ai-analys-production.up.railway.app/company/OCBK"
"Банк";"OCBK";"«Octobank» aksiyadorlik jamiyati";"2026Q1";"Итого капитала";"Добавить";"Нет значения";"1 129 624 178 000";"—";"30. Итого собственного капитала";"https://openinfo.uz/ru/reports/to_pdf29542/";"https://ai-analys-production.up.railway.app/company/OCBK"
"Банк";"OCBK";"«Octobank» aksiyadorlik jamiyati";"2026Q1";"Итого обязательств";"Добавить";"Нет значения";"14 390 046 853 000";"—";"25. Итого обязательств";"https://openinfo.uz/ru/reports/to_pdf29542/";"https://ai-analys-production.up.railway.app/company/OCBK"
"Банк";"SQBN";"""O'zbekiston sanoat - qurilish banki"" aksiyadorlik tijorat banki";"2015Q4";"Денежные средства";"Добавить";"Нет значения";"99 969 170 000";"—";"1. Кассовая наличность и другие платежные документы ";"https://openinfo.uz/ru/reports/to_pdf1360/";"https://ai-analys-production.up.railway.app/company/SQBN"
"Банк";"SQBN";"""O'zbekiston sanoat - qurilish banki"" aksiyadorlik tijorat banki";"2015Q4";"Итого активов";"Добавить";"Нет значения";"8 916 306 279 000";"—";"14. Итого активов";"https://openinfo.uz/ru/reports/to_pdf1360/";"https://ai-analys-production.up.railway.app/company/SQBN"
"Банк";"SQBN";"""O'zbekiston sanoat - qurilish banki"" aksiyadorlik tijorat banki";"2015Q4";"Итого капитала";"Добавить";"Нет значения";"868 455 104 000";"—";"30. Итого собственного капитала";"https://openinfo.uz/ru/reports/to_pdf1360/";"https://ai-analys-production.up.railway.app/company/SQBN"
"Банк";"SQBN";"""O'zbekiston sanoat - qurilish banki"" aksiyadorlik tijorat banki";"2015Q4";"Итого обязательств";"Добавить";"Нет значения";"8 047 851 175 000";"—";"25. Итого обязательств";"https://openinfo.uz/ru/reports/to_pdf1360/";"https://ai-analys-production.up.railway.app/company/SQBN"
"Банк";"SQBN";"""O'zbekiston sanoat - qurilish banki"" aksiyadorlik tijorat banki";"2016Q4";"Итого активов";"Добавить";"Нет значения";"10 447 513 033 000";"—";"14. Итого активов";"https://openinfo.uz/ru/reports/to_pdf4714/";"https://ai-analys-production.up.railway.app/company/SQBN"
"Банк";"SQBN";"""O'zbekiston sanoat - qurilish banki"" aksiyadorlik tijorat banki";"2016Q4";"Итого капитала";"Добавить";"Нет значения";"962 504 902 000";"—";"30. Итого собственного капитала";"https://openinfo.uz/ru/reports/to_pdf4714/";"https://ai-analys-production.up.railway.app/company/SQBN"
"Банк";"SQBN";"""O'zbekiston sanoat - qurilish banki"" aksiyadorlik tijorat banki";"2017Q4";"Итого активов";"Добавить";"Нет значения";"24 018 926 330 000";"—";"14. Итого активов";"https://openinfo.uz/ru/reports/to_pdf7844/";"https://ai-analys-production.up.railway.app/company/SQBN"
"Банк";"SQBN";"""O'zbekiston sanoat - qurilish banki"" aksiyadorlik tijorat banki";"2017Q4";"Итого капитала";"Добавить";"Нет значения";"2 241 348 065 000";"—";"30. Итого собственного капитала";"https://openinfo.uz/ru/reports/to_pdf7844/";"https://ai-analys-production.up.railway.app/company/SQBN"
"Банк";"SQBN";"""O'zbekiston sanoat - qurilish banki"" aksiyadorlik tijorat banki";"2018Q4";"Итого активов";"Добавить";"Нет значения";"30 501 027 843 000";"—";"14. Итого активов";"https://openinfo.uz/ru/reports/to_pdf10671/";"https://ai-analys-production.up.railway.app/company/SQBN"
"Банк";"SQBN";"""O'zbekiston sanoat - qurilish banki"" aksiyadorlik tijorat banki";"2018Q4";"Итого капитала";"Добавить";"Нет значения";"2 848 476 426 000";"—";"30. Итого собственного капитала";"https://openinfo.uz/ru/reports/to_pdf10671/";"https://ai-analys-production.up.railway.app/company/SQBN"
"Банк";"SQBN";"""O'zbekiston sanoat - qurilish banki"" aksiyadorlik tijorat banki";"2021Q4";"Итого активов";"Добавить";"Нет значения";"56 511 320 290 000";"—";"14. Итого активов";"https://openinfo.uz/ru/reports/to_pdf17741/";"https://ai-analys-production.up.railway.app/company/SQBN"
"Банк";"SQBN";"""O'zbekiston sanoat - qurilish banki"" aksiyadorlik tijorat banki";"2021Q4";"Итого капитала";"Добавить";"Нет значения";"7 700 913 106 000";"—";"30. Итого собственного капитала";"https://openinfo.uz/ru/reports/to_pdf17741/";"https://ai-analys-production.up.railway.app/company/SQBN"
"Банк";"SQBN";"""O'zbekiston sanoat - qurilish banki"" aksiyadorlik tijorat banki";"2022Q4";"Итого активов";"Добавить";"Нет значения";"64 263 771 349 000";"—";"14. Итого активов";"https://openinfo.uz/ru/reports/to_pdf20313/";"https://ai-analys-production.up.railway.app/company/SQBN"
"Банк";"SQBN";"""O'zbekiston sanoat - qurilish banki"" aksiyadorlik tijorat banki";"2022Q4";"Итого капитала";"Добавить";"Нет значения";"7 828 121 193 000";"—";"30. Итого собственного капитала";"https://openinfo.uz/ru/reports/to_pdf20313/";"https://ai-analys-production.up.railway.app/company/SQBN"
"Банк";"TNBN";"""Turonbank"" aksiyadorlik tijorat banki";"2017Q4";"Итого активов";"Добавить";"Нет значения";"0";"—";"14. Итого активов";"https://openinfo.uz/ru/reports/to_pdf7696/";"https://ai-analys-production.up.railway.app/company/TNBN"
"Банк";"TNBN";"""Turonbank"" aksiyadorlik tijorat banki";"2017Q4";"Итого капитала";"Добавить";"Нет значения";"368 869 364 000";"—";"30. Итого собственного капитала";"https://openinfo.uz/ru/reports/to_pdf7696/";"https://ai-analys-production.up.railway.app/company/TNBN"
"Банк";"TNBN";"""Turonbank"" aksiyadorlik tijorat banki";"2018Q4";"Итого активов";"Добавить";"Нет значения";"3 149 387 598 000";"—";"14. Итого активов";"https://openinfo.uz/ru/reports/to_pdf10441/";"https://ai-analys-production.up.railway.app/company/TNBN"
"Банк";"TNBN";"""Turonbank"" aksiyadorlik tijorat banki";"2018Q4";"Итого капитала";"Добавить";"Нет значения";"892 208 964 000";"—";"30. Итого собственного капитала";"https://openinfo.uz/ru/reports/to_pdf10441/";"https://ai-analys-production.up.railway.app/company/TNBN"
"Банк";"TNBN";"""Turonbank"" aksiyadorlik tijorat banki";"2019Q4";"Итого активов";"Добавить";"Нет значения";"5 978 868 808 000";"—";"14. Итого активов";"https://openinfo.uz/ru/reports/to_pdf12949/";"https://ai-analys-production.up.railway.app/company/TNBN"
"Банк";"TNBN";"""Turonbank"" aksiyadorlik tijorat banki";"2019Q4";"Итого капитала";"Добавить";"Нет значения";"1 090 585 240 000";"—";"30. Итого собственного капитала";"https://openinfo.uz/ru/reports/to_pdf12949/";"https://ai-analys-production.up.railway.app/company/TNBN"
"Банк";"TNBN";"""Turonbank"" aksiyadorlik tijorat banki";"2020Q4";"Итого активов";"Добавить";"Нет значения";"8 714 080 696 000";"—";"14. Итого активов";"https://openinfo.uz/ru/reports/to_pdf15540/";"https://ai-analys-production.up.railway.app/company/TNBN"
"Банк";"TNBN";"""Turonbank"" aksiyadorlik tijorat banki";"2020Q4";"Итого капитала";"Добавить";"Нет значения";"1 210 159 644 000";"—";"30. Итого собственного капитала";"https://openinfo.uz/ru/reports/to_pdf15540/";"https://ai-analys-production.up.railway.app/company/TNBN"
"Банк";"TNBN";"""Turonbank"" aksiyadorlik tijorat banki";"2021Q4";"Итого активов";"Добавить";"Нет значения";"11 009 621 659 000";"—";"14. Итого активов";"https://openinfo.uz/ru/reports/to_pdf17898/";"https://ai-analys-production.up.railway.app/company/TNBN"
"Банк";"TNBN";"""Turonbank"" aksiyadorlik tijorat banki";"2021Q4";"Итого капитала";"Добавить";"Нет значения";"1 915 190 674 000";"—";"30. Итого собственного капитала";"https://openinfo.uz/ru/reports/to_pdf17898/";"https://ai-analys-production.up.railway.app/company/TNBN"
"Банк";"TNBN";"""Turonbank"" aksiyadorlik tijorat banki";"2022Q4";"Итого активов";"Добавить";"Нет значения";"12 878 663 801 000";"—";"14. Итого активов";"https://openinfo.uz/ru/reports/to_pdf20440/";"https://ai-analys-production.up.railway.app/company/TNBN"
"Банк";"TNBN";"""Turonbank"" aksiyadorlik tijorat banki";"2022Q4";"Итого капитала";"Добавить";"Нет значения";"1 878 917 817 000";"—";"30. Итого собственного капитала";"https://openinfo.uz/ru/reports/to_pdf20440/";"https://ai-analys-production.up.railway.app/company/TNBN"
"Банк";"TNGB";"""Tenge Bank"" ATB";"2021Q4";"Денежные средства";"Добавить";"Нет значения";"109 246 568 000";"—";"1. Кассовая наличность и другие платежные документы ";"https://openinfo.uz/ru/reports/to_pdf18765/";"https://ai-analys-production.up.railway.app/company/TNGB"
"Банк";"TNGB";"""Tenge Bank"" ATB";"2021Q4";"Итого активов";"Добавить";"Нет значения";"3 351 525 351 000";"—";"14. Итого активов";"https://openinfo.uz/ru/reports/to_pdf18765/";"https://ai-analys-production.up.railway.app/company/TNGB"
"Банк";"TNGB";"""Tenge Bank"" ATB";"2021Q4";"Итого капитала";"Добавить";"Нет значения";"1 229 510 890 000";"—";"30. Итого собственного капитала";"https://openinfo.uz/ru/reports/to_pdf18765/";"https://ai-analys-production.up.railway.app/company/TNGB"
"Банк";"TNGB";"""Tenge Bank"" ATB";"2021Q4";"Итого обязательств";"Добавить";"Нет значения";"2 122 014 461 000";"—";"25. Итого обязательств";"https://openinfo.uz/ru/reports/to_pdf18765/";"https://ai-analys-production.up.railway.app/company/TNGB"
"Банк";"TNGB";"""Tenge Bank"" ATB";"2022Q4";"Денежные средства";"Добавить";"Нет значения";"294 689 069 000";"—";"1. Кассовая наличность и другие платежные документы ";"https://openinfo.uz/ru/reports/to_pdf19654/";"https://ai-analys-production.up.railway.app/company/TNGB"
"Банк";"TNGB";"""Tenge Bank"" ATB";"2022Q4";"Итого активов";"Добавить";"Нет значения";"4 358 124 013 000";"—";"14. Итого активов";"https://openinfo.uz/ru/reports/to_pdf19654/";"https://ai-analys-production.up.railway.app/company/TNGB"
"Банк";"TNGB";"""Tenge Bank"" ATB";"2022Q4";"Итого капитала";"Добавить";"Нет значения";"1 224 472 120 000";"—";"30. Итого собственного капитала";"https://openinfo.uz/ru/reports/to_pdf19654/";"https://ai-analys-production.up.railway.app/company/TNGB"
"Банк";"TNGB";"""Tenge Bank"" ATB";"2022Q4";"Итого обязательств";"Добавить";"Нет значения";"3 133 651 893 000";"—";"25. Итого обязательств";"https://openinfo.uz/ru/reports/to_pdf19654/";"https://ai-analys-production.up.railway.app/company/TNGB"
"Банк";"TNGB";"""Tenge Bank"" ATB";"2023Q4";"Денежные средства";"Добавить";"Нет значения";"245 175 935 000";"—";"1. Кассовая наличность и другие платежные документы ";"https://openinfo.uz/ru/reports/to_pdf22117/";"https://ai-analys-production.up.railway.app/company/TNGB"
"Банк";"TNGB";"""Tenge Bank"" ATB";"2023Q4";"Итого активов";"Добавить";"Нет значения";"6 640 047 149 000";"—";"14. Итого активов";"https://openinfo.uz/ru/reports/to_pdf22117/";"https://ai-analys-production.up.railway.app/company/TNGB"
"Банк";"TNGB";"""Tenge Bank"" ATB";"2023Q4";"Итого капитала";"Добавить";"Нет значения";"1 271 982 272 000";"—";"30. Итого собственного капитала";"https://openinfo.uz/ru/reports/to_pdf22117/";"https://ai-analys-production.up.railway.app/company/TNGB"
"Банк";"TNGB";"""Tenge Bank"" ATB";"2023Q4";"Итого обязательств";"Добавить";"Нет значения";"5 368 064 877 000";"—";"25. Итого обязательств";"https://openinfo.uz/ru/reports/to_pdf22117/";"https://ai-analys-production.up.railway.app/company/TNGB"
"Банк";"TNGB";"""Tenge Bank"" ATB";"2024Q1";"Денежные средства";"Добавить";"Нет значения";"285 862 272 000";"—";"1. Кассовая наличность и другие платежные документы ";"https://openinfo.uz/ru/reports/to_pdf22006/";"https://ai-analys-production.up.railway.app/company/TNGB"
"Банк";"TNGB";"""Tenge Bank"" ATB";"2024Q1";"Итого активов";"Добавить";"Нет значения";"6 822 782 021 000";"—";"14. Итого активов";"https://openinfo.uz/ru/reports/to_pdf22006/";"https://ai-analys-production.up.railway.app/company/TNGB"
"Банк";"TNGB";"""Tenge Bank"" ATB";"2024Q1";"Итого капитала";"Добавить";"Нет значения";"1 264 475 180 000";"—";"30. Итого собственного капитала";"https://openinfo.uz/ru/reports/to_pdf22006/";"https://ai-analys-production.up.railway.app/company/TNGB"
"Банк";"TNGB";"""Tenge Bank"" ATB";"2024Q1";"Итого обязательств";"Добавить";"Нет значения";"5 558 306 841 000";"—";"25. Итого обязательств";"https://openinfo.uz/ru/reports/to_pdf22006/";"https://ai-analys-production.up.railway.app/company/TNGB"
"Банк";"TNGB";"""Tenge Bank"" ATB";"2024Q2";"Денежные средства";"Добавить";"Нет значения";"263 652 996 000";"—";"1. Кассовая наличность и другие платежные документы ";"https://openinfo.uz/ru/reports/to_pdf22885/";"https://ai-analys-production.up.railway.app/company/TNGB"
"Банк";"TNGB";"""Tenge Bank"" ATB";"2024Q2";"Итого активов";"Добавить";"Нет значения";"6 392 726 098 000";"—";"14. Итого активов";"https://openinfo.uz/ru/reports/to_pdf22885/";"https://ai-analys-production.up.railway.app/company/TNGB"
"Банк";"TNGB";"""Tenge Bank"" ATB";"2024Q2";"Итого капитала";"Добавить";"Нет значения";"1 254 950 191 000";"—";"30. Итого собственного капитала";"https://openinfo.uz/ru/reports/to_pdf22885/";"https://ai-analys-production.up.railway.app/company/TNGB"
"Банк";"TNGB";"""Tenge Bank"" ATB";"2024Q2";"Итого обязательств";"Добавить";"Нет значения";"5 137 775 907 000";"—";"25. Итого обязательств";"https://openinfo.uz/ru/reports/to_pdf22885/";"https://ai-analys-production.up.railway.app/company/TNGB"
"Банк";"TNGB";"""Tenge Bank"" ATB";"2024Q3";"Денежные средства";"Добавить";"Нет значения";"375 297 102 000";"—";"1. Кассовая наличность и другие платежные документы ";"https://openinfo.uz/ru/reports/to_pdf23524/";"https://ai-analys-production.up.railway.app/company/TNGB"
"Банк";"TNGB";"""Tenge Bank"" ATB";"2024Q3";"Итого активов";"Добавить";"Нет значения";"6 558 237 745 000";"—";"14. Итого активов";"https://openinfo.uz/ru/reports/to_pdf23524/";"https://ai-analys-production.up.railway.app/company/TNGB"
"Банк";"TNGB";"""Tenge Bank"" ATB";"2024Q3";"Итого капитала";"Добавить";"Нет значения";"1 275 778 588 000";"—";"30. Итого собственного капитала";"https://openinfo.uz/ru/reports/to_pdf23524/";"https://ai-analys-production.up.railway.app/company/TNGB"
"Банк";"TNGB";"""Tenge Bank"" ATB";"2024Q3";"Итого обязательств";"Добавить";"Нет значения";"5 282 459 157 000";"—";"25. Итого обязательств";"https://openinfo.uz/ru/reports/to_pdf23524/";"https://ai-analys-production.up.railway.app/company/TNGB"
"Банк";"TNGB";"""Tenge Bank"" ATB";"2024Q4";"Денежные средства";"Добавить";"Нет значения";"430 209 858 000";"—";"1. Кассовая наличность и другие платежные документы ";"https://openinfo.uz/ru/reports/to_pdf25025/";"https://ai-analys-production.up.railway.app/company/TNGB"
"Банк";"TNGB";"""Tenge Bank"" ATB";"2024Q4";"Итого активов";"Добавить";"Нет значения";"8 060 664 708 000";"—";"14. Итого активов";"https://openinfo.uz/ru/reports/to_pdf25025/";"https://ai-analys-production.up.railway.app/company/TNGB"
"Банк";"TNGB";"""Tenge Bank"" ATB";"2024Q4";"Итого капитала";"Добавить";"Нет значения";"1 303 406 444 000";"—";"30. Итого собственного капитала";"https://openinfo.uz/ru/reports/to_pdf25025/";"https://ai-analys-production.up.railway.app/company/TNGB"
"Банк";"TNGB";"""Tenge Bank"" ATB";"2024Q4";"Итого обязательств";"Добавить";"Нет значения";"6 757 258 264 000";"—";"25. Итого обязательств";"https://openinfo.uz/ru/reports/to_pdf25025/";"https://ai-analys-production.up.railway.app/company/TNGB"
"Банк";"TNGB";"""Tenge Bank"" ATB";"2025Q1";"Денежные средства";"Добавить";"Нет значения";"422 408 091 000";"—";"1. Кассовая наличность и другие платежные документы ";"https://openinfo.uz/ru/reports/to_pdf24257/";"https://ai-analys-production.up.railway.app/company/TNGB"
"Банк";"TNGB";"""Tenge Bank"" ATB";"2025Q1";"Итого активов";"Добавить";"Нет значения";"7 328 927 903 000";"—";"14. Итого активов";"https://openinfo.uz/ru/reports/to_pdf24257/";"https://ai-analys-production.up.railway.app/company/TNGB"
"Банк";"TNGB";"""Tenge Bank"" ATB";"2025Q1";"Итого капитала";"Добавить";"Нет значения";"1 305 891 617 000";"—";"30. Итого собственного капитала";"https://openinfo.uz/ru/reports/to_pdf24257/";"https://ai-analys-production.up.railway.app/company/TNGB"
"Банк";"TNGB";"""Tenge Bank"" ATB";"2025Q1";"Итого обязательств";"Добавить";"Нет значения";"6 023 036 286 000";"—";"25. Итого обязательств";"https://openinfo.uz/ru/reports/to_pdf24257/";"https://ai-analys-production.up.railway.app/company/TNGB"
"Банк";"TNGB";"""Tenge Bank"" ATB";"2025Q2";"Денежные средства";"Добавить";"Нет значения";"305 675 834 000";"—";"1. Кассовая наличность и другие платежные документы ";"https://openinfo.uz/ru/reports/to_pdf25174/";"https://ai-analys-production.up.railway.app/company/TNGB"
"Банк";"TNGB";"""Tenge Bank"" ATB";"2025Q2";"Итого активов";"Добавить";"Нет значения";"7 238 099 588 000";"—";"14. Итого активов";"https://openinfo.uz/ru/reports/to_pdf25174/";"https://ai-analys-production.up.railway.app/company/TNGB"
"Банк";"TNGB";"""Tenge Bank"" ATB";"2025Q2";"Итого капитала";"Добавить";"Нет значения";"1 309 029 545 000";"—";"30. Итого собственного капитала";"https://openinfo.uz/ru/reports/to_pdf25174/";"https://ai-analys-production.up.railway.app/company/TNGB"
"Банк";"TNGB";"""Tenge Bank"" ATB";"2025Q2";"Итого обязательств";"Добавить";"Нет значения";"5 929 070 043 000";"—";"25. Итого обязательств";"https://openinfo.uz/ru/reports/to_pdf25174/";"https://ai-analys-production.up.railway.app/company/TNGB"
"Банк";"TNGB";"""Tenge Bank"" ATB";"2025Q3";"Денежные средства";"Добавить";"Нет значения";"425 386 527 000";"—";"1. Кассовая наличность и другие платежные документы ";"https://openinfo.uz/ru/reports/to_pdf25777/";"https://ai-analys-production.up.railway.app/company/TNGB"
"Банк";"TNGB";"""Tenge Bank"" ATB";"2025Q3";"Итого активов";"Добавить";"Нет значения";"6 459 914 352 000";"—";"14. Итого активов";"https://openinfo.uz/ru/reports/to_pdf25777/";"https://ai-analys-production.up.railway.app/company/TNGB"
"Банк";"TNGB";"""Tenge Bank"" ATB";"2025Q3";"Итого капитала";"Добавить";"Нет значения";"1 311 539 817 000";"—";"30. Итого собственного капитала";"https://openinfo.uz/ru/reports/to_pdf25777/";"https://ai-analys-production.up.railway.app/company/TNGB"
"Банк";"TNGB";"""Tenge Bank"" ATB";"2025Q3";"Итого обязательств";"Добавить";"Нет значения";"5 238 374 535 000";"—";"25. Итого обязательств";"https://openinfo.uz/ru/reports/to_pdf25777/";"https://ai-analys-production.up.railway.app/company/TNGB"
"Банк";"TNGB";"""Tenge Bank"" ATB";"2025Q4";"Денежные средства";"Добавить";"Нет значения";"313 047 216 000";"—";"1. Кассовая наличность и другие платежные документы ";"https://openinfo.uz/ru/reports/to_pdf30113/";"https://ai-analys-production.up.railway.app/company/TNGB"
"Банк";"TNGB";"""Tenge Bank"" ATB";"2025Q4";"Итого активов";"Добавить";"Нет значения";"7 100 122 903 000";"—";"14. Итого активов";"https://openinfo.uz/ru/reports/to_pdf30113/";"https://ai-analys-production.up.railway.app/company/TNGB"
"Банк";"TNGB";"""Tenge Bank"" ATB";"2025Q4";"Итого капитала";"Добавить";"Нет значения";"1 358 068 453 000";"—";"30. Итого собственного капитала";"https://openinfo.uz/ru/reports/to_pdf30113/";"https://ai-analys-production.up.railway.app/company/TNGB"
"Банк";"TNGB";"""Tenge Bank"" ATB";"2025Q4";"Итого обязательств";"Добавить";"Нет значения";"5 742 054 450 000";"—";"25. Итого обязательств";"https://openinfo.uz/ru/reports/to_pdf30113/";"https://ai-analys-production.up.railway.app/company/TNGB"
"Банк";"TNGB";"""Tenge Bank"" ATB";"2026Q1";"Денежные средства";"Добавить";"Нет значения";"417 804 278 000";"—";"1. Кассовая наличность и другие платежные документы ";"https://openinfo.uz/ru/reports/to_pdf29541/";"https://ai-analys-production.up.railway.app/company/TNGB"
"Банк";"TNGB";"""Tenge Bank"" ATB";"2026Q1";"Итого активов";"Добавить";"Нет значения";"8 874 974 041 000";"—";"14. Итого активов";"https://openinfo.uz/ru/reports/to_pdf29541/";"https://ai-analys-production.up.railway.app/company/TNGB"
"Банк";"TNGB";"""Tenge Bank"" ATB";"2026Q1";"Итого капитала";"Добавить";"Нет значения";"1 392 018 520 000";"—";"30. Итого собственного капитала";"https://openinfo.uz/ru/reports/to_pdf29541/";"https://ai-analys-production.up.railway.app/company/TNGB"
"Банк";"TNGB";"""Tenge Bank"" ATB";"2026Q1";"Итого обязательств";"Добавить";"Нет значения";"7 482 955 521 000";"—";"25. Итого обязательств";"https://openinfo.uz/ru/reports/to_pdf29541/";"https://ai-analys-production.up.railway.app/company/TNGB"
"Банк";"TRSB";"""Trastbank"" xususiy aksiyadorlik banki";"2016Q4";"Итого активов";"Добавить";"Нет значения";"1 403 986 599 000";"—";"14. Итого активов";"https://openinfo.uz/ru/reports/to_pdf5282/";"https://ai-analys-production.up.railway.app/company/TRSB"
"Банк";"TRSB";"""Trastbank"" xususiy aksiyadorlik banki";"2016Q4";"Итого капитала";"Добавить";"Нет значения";"163 625 120 000";"—";"30. Итого собственного капитала";"https://openinfo.uz/ru/reports/to_pdf5282/";"https://ai-analys-production.up.railway.app/company/TRSB"
"Банк";"TRSB";"""Trastbank"" xususiy aksiyadorlik banki";"2017Q4";"Итого активов";"Добавить";"Нет значения";"1 800 000 197 000";"—";"14. Итого активов";"https://openinfo.uz/ru/reports/to_pdf7707/";"https://ai-analys-production.up.railway.app/company/TRSB"
"Банк";"TRSB";"""Trastbank"" xususiy aksiyadorlik banki";"2017Q4";"Итого капитала";"Добавить";"Нет значения";"219 944 051 000";"—";"30. Итого собственного капитала";"https://openinfo.uz/ru/reports/to_pdf7707/";"https://ai-analys-production.up.railway.app/company/TRSB"
"Банк";"TRSB";"""Trastbank"" xususiy aksiyadorlik banki";"2018Q4";"Итого активов";"Добавить";"Нет значения";"2 734 378 042 000";"—";"14. Итого активов";"https://openinfo.uz/ru/reports/to_pdf10416/";"https://ai-analys-production.up.railway.app/company/TRSB"
"Банк";"TRSB";"""Trastbank"" xususiy aksiyadorlik banki";"2018Q4";"Итого капитала";"Добавить";"Нет значения";"317 767 477 000";"—";"30. Итого собственного капитала";"https://openinfo.uz/ru/reports/to_pdf10416/";"https://ai-analys-production.up.railway.app/company/TRSB"
"Банк";"TRSB";"""Trastbank"" xususiy aksiyadorlik banki";"2019Q4";"Итого активов";"Добавить";"Нет значения";"3 317 118 953 000";"—";"14. Итого активов";"https://openinfo.uz/ru/reports/to_pdf12846/";"https://ai-analys-production.up.railway.app/company/TRSB"
"Банк";"TRSB";"""Trastbank"" xususiy aksiyadorlik banki";"2019Q4";"Итого капитала";"Добавить";"Нет значения";"518 337 356 000";"—";"30. Итого собственного капитала";"https://openinfo.uz/ru/reports/to_pdf12846/";"https://ai-analys-production.up.railway.app/company/TRSB"
"Банк";"TRSB";"""Trastbank"" xususiy aksiyadorlik banki";"2020Q4";"Итого активов";"Добавить";"Нет значения";"4 735 185 153 000";"—";"14. Итого активов";"https://openinfo.uz/ru/reports/to_pdf15267/";"https://ai-analys-production.up.railway.app/company/TRSB"
"Банк";"TRSB";"""Trastbank"" xususiy aksiyadorlik banki";"2020Q4";"Итого капитала";"Добавить";"Нет значения";"821 410 913 000";"—";"30. Итого собственного капитала";"https://openinfo.uz/ru/reports/to_pdf15267/";"https://ai-analys-production.up.railway.app/company/TRSB"
"Банк";"TRSB";"""Trastbank"" xususiy aksiyadorlik banki";"2021Q4";"Итого активов";"Добавить";"Нет значения";"6 921 346 360 000";"—";"14. Итого активов";"https://openinfo.uz/ru/reports/to_pdf17724/";"https://ai-analys-production.up.railway.app/company/TRSB"
"Банк";"TRSB";"""Trastbank"" xususiy aksiyadorlik banki";"2021Q4";"Итого капитала";"Добавить";"Нет значения";"1 182 023 339 000";"—";"30. Итого собственного капитала";"https://openinfo.uz/ru/reports/to_pdf17724/";"https://ai-analys-production.up.railway.app/company/TRSB"
"Банк";"TRSB";"""Trastbank"" xususiy aksiyadorlik banki";"2022Q4";"Итого активов";"Добавить";"Нет значения";"8 231 824 032 000";"—";"14. Итого активов";"https://openinfo.uz/ru/reports/to_pdf20329/";"https://ai-analys-production.up.railway.app/company/TRSB"
"Банк";"TRSB";"""Trastbank"" xususiy aksiyadorlik banki";"2022Q4";"Итого капитала";"Добавить";"Нет значения";"1 639 469 793 000";"—";"30. Итого собственного капитала";"https://openinfo.uz/ru/reports/to_pdf20329/";"https://ai-analys-production.up.railway.app/company/TRSB"
"Банк";"TRSB";"""Trastbank"" xususiy aksiyadorlik banki";"2024Q3";"Итого капитала";"Заменить";"2 671 817 130 000";"2 666 817 130 000";"5 000 000 000";"30. Итого собственного капитала";"https://openinfo.uz/ru/reports/to_pdf23526/";"https://ai-analys-production.up.railway.app/company/TRSB"
"Банк";"UNVB";"Aksiyadorlik-tijorat banki ""Universal bank""";"2016Q4";"Итого активов";"Добавить";"Нет значения";"149 190 315 000";"—";"14. Итого активов";"https://openinfo.uz/ru/reports/to_pdf4933/";"https://ai-analys-production.up.railway.app/company/UNVB"
"Банк";"UNVB";"Aksiyadorlik-tijorat banki ""Universal bank""";"2016Q4";"Итого капитала";"Добавить";"Нет значения";"29 356 586 000";"—";"30. Итого собственного капитала";"https://openinfo.uz/ru/reports/to_pdf4933/";"https://ai-analys-production.up.railway.app/company/UNVB"
"Банк";"UNVB";"Aksiyadorlik-tijorat banki ""Universal bank""";"2017Q4";"Итого активов";"Добавить";"Нет значения";"216 066 544 000";"—";"14. Итого активов";"https://openinfo.uz/ru/reports/to_pdf7894/";"https://ai-analys-production.up.railway.app/company/UNVB"
"Банк";"UNVB";"Aksiyadorlik-tijorat banki ""Universal bank""";"2017Q4";"Итого капитала";"Добавить";"Нет значения";"33 927 443 000";"—";"30. Итого собственного капитала";"https://openinfo.uz/ru/reports/to_pdf7894/";"https://ai-analys-production.up.railway.app/company/UNVB"
"Банк";"UNVB";"Aksiyadorlik-tijorat banki ""Universal bank""";"2018Q4";"Итого активов";"Добавить";"Нет значения";"428 924 412 000";"—";"14. Итого активов";"https://openinfo.uz/ru/reports/to_pdf10707/";"https://ai-analys-production.up.railway.app/company/UNVB"
"Банк";"UNVB";"Aksiyadorlik-tijorat banki ""Universal bank""";"2018Q4";"Итого капитала";"Добавить";"Нет значения";"110 944 003 000";"—";"30. Итого собственного капитала";"https://openinfo.uz/ru/reports/to_pdf10707/";"https://ai-analys-production.up.railway.app/company/UNVB"
"Банк";"UNVB";"Aksiyadorlik-tijorat banki ""Universal bank""";"2019Q4";"Итого активов";"Добавить";"Нет значения";"777 776 635 000";"—";"14. Итого активов";"https://openinfo.uz/ru/reports/to_pdf13690/";"https://ai-analys-production.up.railway.app/company/UNVB"
"Банк";"UNVB";"Aksiyadorlik-tijorat banki ""Universal bank""";"2019Q4";"Итого капитала";"Добавить";"Нет значения";"125 410 107 000";"—";"30. Итого собственного капитала";"https://openinfo.uz/ru/reports/to_pdf13690/";"https://ai-analys-production.up.railway.app/company/UNVB"
"Банк";"UNVB";"Aksiyadorlik-tijorat banki ""Universal bank""";"2020Q4";"Итого активов";"Добавить";"Нет значения";"1 115 143 608 000";"—";"14. Итого активов";"https://openinfo.uz/ru/reports/to_pdf15422/";"https://ai-analys-production.up.railway.app/company/UNVB"
"Банк";"UNVB";"Aksiyadorlik-tijorat banki ""Universal bank""";"2020Q4";"Итого капитала";"Добавить";"Нет значения";"180 209 866 000";"—";"30. Итого собственного капитала";"https://openinfo.uz/ru/reports/to_pdf15422/";"https://ai-analys-production.up.railway.app/company/UNVB"
"Банк";"UNVB";"Aksiyadorlik-tijorat banki ""Universal bank""";"2021Q4";"Итого активов";"Добавить";"Нет значения";"1 551 253 465 000";"—";"14. Итого активов";"https://openinfo.uz/ru/reports/to_pdf17872/";"https://ai-analys-production.up.railway.app/company/UNVB"
"Банк";"UNVB";"Aksiyadorlik-tijorat banki ""Universal bank""";"2021Q4";"Итого капитала";"Добавить";"Нет значения";"194 657 626 000";"—";"30. Итого собственного капитала";"https://openinfo.uz/ru/reports/to_pdf17872/";"https://ai-analys-production.up.railway.app/company/UNVB"
"Банк";"UNVB";"Aksiyadorlik-tijorat banki ""Universal bank""";"2022Q4";"Итого активов";"Добавить";"Нет значения";"1 940 681 543 000";"—";"14. Итого активов";"https://openinfo.uz/ru/reports/to_pdf20481/";"https://ai-analys-production.up.railway.app/company/UNVB"
"Банк";"UNVB";"Aksiyadorlik-tijorat banki ""Universal bank""";"2022Q4";"Итого капитала";"Добавить";"Нет значения";"333 561 832 000";"—";"30. Итого собственного капитала";"https://openinfo.uz/ru/reports/to_pdf20481/";"https://ai-analys-production.up.railway.app/company/UNVB"
"Страховая организация";"ALSM";"""Alskom sug'urta kompaniyasi"" aksiyadorlik jamiyati";"2015Q4";"Денежные средства";"Добавить";"Нет значения";"451 456 000";"—";"Денежные средства на расчетном счете (5100)";"https://openinfo.uz/ru/reports/to_pdf1996/";"https://ai-analys-production.up.railway.app/company/ALSM"
"Страховая организация";"ALSM";"""Alskom sug'urta kompaniyasi"" aksiyadorlik jamiyati";"2015Q4";"Итого активов";"Добавить";"Нет значения";"43 027 122 200";"—";"Всего по активу баланса (стр. 130 + 480)";"https://openinfo.uz/ru/reports/to_pdf1996/";"https://ai-analys-production.up.railway.app/company/ALSM"
"Страховая организация";"ALSM";"""Alskom sug'urta kompaniyasi"" aksiyadorlik jamiyati";"2015Q4";"Итого капитала";"Добавить";"Нет значения";"17 380 099 900";"—";"Итого по разделу I (стр. 500 + 510 + 520-530 + 540 + 550 + 560)";"https://openinfo.uz/ru/reports/to_pdf1996/";"https://ai-analys-production.up.railway.app/company/ALSM"
"Страховая организация";"ALSM";"""Alskom sug'urta kompaniyasi"" aksiyadorlik jamiyati";"2015Q4";"Итого обязательств";"Добавить";"Нет значения";"1 582 186 200";"—";"Итого по разделу III (стр. 730 + 930)";"https://openinfo.uz/ru/reports/to_pdf1996/";"https://ai-analys-production.up.railway.app/company/ALSM"
"Страховая организация";"ALSM";"""Alskom sug'urta kompaniyasi"" aksiyadorlik jamiyati";"2016Q4";"Итого активов";"Добавить";"Нет значения";"54 698 547 900";"—";"Всего по активу баланса (стр. 130 + 480)";"https://openinfo.uz/ru/reports/to_pdf5042/";"https://ai-analys-production.up.railway.app/company/ALSM"
"Страховая организация";"ALSM";"""Alskom sug'urta kompaniyasi"" aksiyadorlik jamiyati";"2016Q4";"Итого капитала";"Добавить";"Нет значения";"20 286 732 000";"—";"Итого по разделу I (стр. 500 + 510 + 520-530 + 540 + 550 + 560)";"https://openinfo.uz/ru/reports/to_pdf5042/";"https://ai-analys-production.up.railway.app/company/ALSM"
"Страховая организация";"ALSM";"""Alskom sug'urta kompaniyasi"" aksiyadorlik jamiyati";"2017Q4";"Итого активов";"Добавить";"Нет значения";"64 409 594 100";"—";"Всего по активу баланса (стр. 130 + 480)";"https://openinfo.uz/ru/reports/to_pdf7659/";"https://ai-analys-production.up.railway.app/company/ALSM"
"Страховая организация";"ALSM";"""Alskom sug'urta kompaniyasi"" aksiyadorlik jamiyati";"2017Q4";"Итого капитала";"Добавить";"Нет значения";"22 913 841 300";"—";"Итого по разделу I (стр. 500 + 510 + 520-530 + 540 + 550 + 560)";"https://openinfo.uz/ru/reports/to_pdf7659/";"https://ai-analys-production.up.railway.app/company/ALSM"
"Страховая организация";"ALSM";"""Alskom sug'urta kompaniyasi"" aksiyadorlik jamiyati";"2018Q4";"Итого активов";"Добавить";"Нет значения";"86 685 502 400";"—";"Всего по активу баланса (стр. 130 + 480)";"https://openinfo.uz/ru/reports/to_pdf4235/";"https://ai-analys-production.up.railway.app/company/ALSM"
"Страховая организация";"ALSM";"""Alskom sug'urta kompaniyasi"" aksiyadorlik jamiyati";"2018Q4";"Итого капитала";"Добавить";"Нет значения";"31 287 552 700";"—";"Итого по разделу I (стр. 500 + 510 + 520-530 + 540 + 550 + 560)";"https://openinfo.uz/ru/reports/to_pdf4235/";"https://ai-analys-production.up.railway.app/company/ALSM"
"Страховая организация";"ALSM";"""Alskom sug'urta kompaniyasi"" aksiyadorlik jamiyati";"2019Q4";"Итого активов";"Добавить";"Нет значения";"96 790 598 900";"—";"Всего по активу баланса (стр. 130 + 480)";"https://openinfo.uz/ru/reports/to_pdf12848/";"https://ai-analys-production.up.railway.app/company/ALSM"
"Страховая организация";"ALSM";"""Alskom sug'urta kompaniyasi"" aksiyadorlik jamiyati";"2019Q4";"Итого капитала";"Добавить";"Нет значения";"34 870 203 700";"—";"Итого по разделу I (стр. 500 + 510 + 520-530 + 540 + 550 + 560)";"https://openinfo.uz/ru/reports/to_pdf12848/";"https://ai-analys-production.up.railway.app/company/ALSM"
"Страховая организация";"ALSM";"""Alskom sug'urta kompaniyasi"" aksiyadorlik jamiyati";"2021Q4";"Итого активов";"Добавить";"Нет значения";"125 449 089 800";"—";"Всего по активу баланса (стр. 130 + 480)";"https://openinfo.uz/ru/reports/to_pdf17962/";"https://ai-analys-production.up.railway.app/company/ALSM"
"Страховая организация";"ALSM";"""Alskom sug'urta kompaniyasi"" aksiyadorlik jamiyati";"2021Q4";"Итого капитала";"Добавить";"Нет значения";"53 036 787 300";"—";"Итого по разделу I (стр. 500 + 510 + 520-530 + 540 + 550 + 560)";"https://openinfo.uz/ru/reports/to_pdf17962/";"https://ai-analys-production.up.railway.app/company/ALSM"
"Страховая организация";"ALSM";"""Alskom sug'urta kompaniyasi"" aksiyadorlik jamiyati";"2022Q4";"Итого активов";"Добавить";"Нет значения";"138 418 783 900";"—";"Всего по активу баланса (стр. 130 + 480)";"https://openinfo.uz/ru/reports/to_pdf20547/";"https://ai-analys-production.up.railway.app/company/ALSM"
"Страховая организация";"ALSM";"""Alskom sug'urta kompaniyasi"" aksiyadorlik jamiyati";"2022Q4";"Итого капитала";"Добавить";"Нет значения";"58 936 934 600";"—";"Итого по разделу I (стр. 500 + 510 + 520-530 + 540 + 550 + 560)";"https://openinfo.uz/ru/reports/to_pdf20547/";"https://ai-analys-production.up.railway.app/company/ALSM"
"Страховая организация";"ALSM";"""Alskom sug'urta kompaniyasi"" aksiyadorlik jamiyati";"2023Q1";"Итого капитала";"Заменить";"132 015 144 800";"59 595 672 400";"72 419 472 400";"Итого по разделу I (стр. 500 + 510 + 520-530 + 540 + 550 + 560)";"https://openinfo.uz/ru/reports/to_pdf20121/";"https://ai-analys-production.up.railway.app/company/ALSM"
"Страховая организация";"ALSM";"""Alskom sug'urta kompaniyasi"" aksiyadorlik jamiyati";"2023Q2";"Итого капитала";"Заменить";"138 416 938 500";"59 622 884 900";"78 794 053 600";"Итого по разделу I (стр. 500 + 510 + 520-530 + 540 + 550 + 560)";"https://openinfo.uz/ru/reports/to_pdf20969/";"https://ai-analys-production.up.railway.app/company/ALSM"
"Страховая организация";"ALSM";"""Alskom sug'urta kompaniyasi"" aksiyadorlik jamiyati";"2023Q3";"Итого капитала";"Заменить";"150 378 871 200";"59 333 249 500";"91 045 621 700";"Итого по разделу I (стр. 500 + 510 + 520-530 + 540 + 550 + 560)";"https://openinfo.uz/ru/reports/to_pdf21585/";"https://ai-analys-production.up.railway.app/company/ALSM"
"Страховая организация";"ALSM";"""Alskom sug'urta kompaniyasi"" aksiyadorlik jamiyati";"2023Q4";"Итого капитала";"Заменить";"170 892 386 500";"61 186 129 600";"109 706 256 900";"Итого по разделу I (стр. 500 + 510 + 520-530 + 540 + 550 + 560)";"https://openinfo.uz/ru/reports/to_pdf22767/";"https://ai-analys-production.up.railway.app/company/ALSM"
"Страховая организация";"ALSM";"""Alskom sug'urta kompaniyasi"" aksiyadorlik jamiyati";"2024Q1";"Итого капитала";"Заменить";"183 681 837 000";"61 228 610 400";"122 453 226 600";"Итого по разделу I (стр. 500 + 510 + 520-530 + 540 + 550 + 560)";"https://openinfo.uz/ru/reports/to_pdf22298/";"https://ai-analys-production.up.railway.app/company/ALSM"
"Страховая организация";"ALSM";"""Alskom sug'urta kompaniyasi"" aksiyadorlik jamiyati";"2024Q2";"Итого капитала";"Заменить";"186 951 539 500";"61 196 657 500";"125 754 882 000";"Итого по разделу I (стр. 500 + 510 + 520-530 + 540 + 550 + 560)";"https://openinfo.uz/ru/reports/to_pdf23210/";"https://ai-analys-production.up.railway.app/company/ALSM"
"Страховая организация";"ALSM";"""Alskom sug'urta kompaniyasi"" aksiyadorlik jamiyati";"2024Q3";"Итого капитала";"Заменить";"190 930 684 900";"63 147 000 100";"127 783 684 800";"Итого по разделу I (стр. 500 + 510 + 520-530 + 540 + 550 + 560)";"https://openinfo.uz/ru/reports/to_pdf23779/";"https://ai-analys-production.up.railway.app/company/ALSM"
"Страховая организация";"ALSM";"""Alskom sug'urta kompaniyasi"" aksiyadorlik jamiyati";"2024Q4";"Итого капитала";"Заменить";"205 376 673 700";"64 356 924 000";"141 019 749 700";"Итого по разделу I (стр. 500 + 510 + 520-530 + 540 + 550 + 560)";"https://openinfo.uz/ru/reports/to_pdf24920/";"https://ai-analys-production.up.railway.app/company/ALSM"
"Страховая организация";"ALSM";"""Alskom sug'urta kompaniyasi"" aksiyadorlik jamiyati";"2025Q1";"Итого капитала";"Заменить";"220 295 994 900";"74 779 111 900";"145 516 883 000";"Итого по разделу I (стр. 500 + 510 + 520-530 + 540 + 550 + 560)";"https://openinfo.uz/ru/reports/to_pdf24324/";"https://ai-analys-production.up.railway.app/company/ALSM"
"Страховая организация";"ALSM";"""Alskom sug'urta kompaniyasi"" aksiyadorlik jamiyati";"2025Q2";"Итого капитала";"Заменить";"226 679 550 530";"74 789 723 850";"151 889 826 680";"Итого по разделу I (стр. 500 + 510 + 520-530 + 540 + 550 + 560)";"https://openinfo.uz/ru/reports/to_pdf25447/";"https://ai-analys-production.up.railway.app/company/ALSM"
"Страховая организация";"ALSM";"""Alskom sug'urta kompaniyasi"" aksiyadorlik jamiyati";"2025Q3";"Итого капитала";"Заменить";"240 646 999 300";"73 503 439 830";"167 143 559 470";"Итого по разделу I (стр. 500 + 510 + 520-530 + 540 + 550 + 560)";"https://openinfo.uz/ru/reports/to_pdf25937/";"https://ai-analys-production.up.railway.app/company/ALSM"
"Страховая организация";"ALSM";"""Alskom sug'urta kompaniyasi"" aksiyadorlik jamiyati";"2026Q1";"Итого капитала";"Заменить";"129 928 760 420";"70 701 277 960";"59 227 482 460";"Итого по разделу I (стр. 500 + 510 + 520-530 + 540 + 550 + 560)";"https://openinfo.uz/ru/reports/to_pdf29931/";"https://ai-analys-production.up.railway.app/company/ALSM"
"Страховая организация";"KASU";"""KAPITAL SUG’URTA"" aksiyadorlik jamiyati";"2016Q4";"Итого активов";"Добавить";"Нет значения";"52 312 712 700";"—";"Всего по активу баланса (стр. 130 + 480)";"https://openinfo.uz/ru/reports/to_pdf5323/";"https://ai-analys-production.up.railway.app/company/KASU"
"Страховая организация";"KASU";"""KAPITAL SUG’URTA"" aksiyadorlik jamiyati";"2016Q4";"Итого капитала";"Добавить";"Нет значения";"14 908 449 700";"—";"Итого по разделу I (стр. 500 + 510 + 520-530 + 540 + 550 + 560)";"https://openinfo.uz/ru/reports/to_pdf5323/";"https://ai-analys-production.up.railway.app/company/KASU"
"Страховая организация";"KASU";"""KAPITAL SUG’URTA"" aksiyadorlik jamiyati";"2017Q4";"Итого активов";"Добавить";"Нет значения";"58 228 694 500";"—";"Всего по активу баланса (стр. 130 + 480)";"https://openinfo.uz/ru/reports/to_pdf7994/";"https://ai-analys-production.up.railway.app/company/KASU"
"Страховая организация";"KASU";"""KAPITAL SUG’URTA"" aksiyadorlik jamiyati";"2017Q4";"Итого капитала";"Добавить";"Нет значения";"19 210 624 500";"—";"Итого по разделу I (стр. 500 + 510 + 520-530 + 540 + 550 + 560)";"https://openinfo.uz/ru/reports/to_pdf7994/";"https://ai-analys-production.up.railway.app/company/KASU"
"Страховая организация";"KASU";"""KAPITAL SUG’URTA"" aksiyadorlik jamiyati";"2018Q4";"Итого активов";"Добавить";"Нет значения";"86 415 072 740";"—";"Всего по активу баланса (стр. 130 + 480)";"https://openinfo.uz/ru/reports/to_pdf10706/";"https://ai-analys-production.up.railway.app/company/KASU"
"Страховая организация";"KASU";"""KAPITAL SUG’URTA"" aksiyadorlik jamiyati";"2018Q4";"Итого капитала";"Добавить";"Нет значения";"28 418 808 980";"—";"Итого по разделу I (стр. 500 + 510 + 520-530 + 540 + 550 + 560)";"https://openinfo.uz/ru/reports/to_pdf10706/";"https://ai-analys-production.up.railway.app/company/KASU"
"Страховая организация";"KASU";"""KAPITAL SUG’URTA"" aksiyadorlik jamiyati";"2019Q4";"Итого активов";"Добавить";"Нет значения";"109 661 432 490";"—";"Всего по активу баланса (стр. 130 + 480)";"https://openinfo.uz/ru/reports/to_pdf13247/";"https://ai-analys-production.up.railway.app/company/KASU"
"Страховая организация";"KASU";"""KAPITAL SUG’URTA"" aksiyadorlik jamiyati";"2019Q4";"Итого капитала";"Добавить";"Нет значения";"29 954 189 710";"—";"Итого по разделу I (стр. 500 + 510 + 520-530 + 540 + 550 + 560)";"https://openinfo.uz/ru/reports/to_pdf13247/";"https://ai-analys-production.up.railway.app/company/KASU"
"Страховая организация";"KASU";"""KAPITAL SUG’URTA"" aksiyadorlik jamiyati";"2020Q4";"Итого активов";"Добавить";"Нет значения";"124 841 061 510";"—";"Всего по активу баланса (стр. 130 + 480)";"https://openinfo.uz/ru/reports/to_pdf15488/";"https://ai-analys-production.up.railway.app/company/KASU"
"Страховая организация";"KASU";"""KAPITAL SUG’URTA"" aksiyadorlik jamiyati";"2020Q4";"Итого капитала";"Добавить";"Нет значения";"55 335 888 900";"—";"Итого по разделу I (стр. 500 + 510 + 520-530 + 540 + 550 + 560)";"https://openinfo.uz/ru/reports/to_pdf15488/";"https://ai-analys-production.up.railway.app/company/KASU"
"Страховая организация";"KASU";"""KAPITAL SUG’URTA"" aksiyadorlik jamiyati";"2021Q4";"Итого активов";"Добавить";"Нет значения";"149 164 527 990";"—";"Всего по активу баланса (стр. 130 + 480)";"https://openinfo.uz/ru/reports/to_pdf17770/";"https://ai-analys-production.up.railway.app/company/KASU"
"Страховая организация";"KASU";"""KAPITAL SUG’URTA"" aksiyadorlik jamiyati";"2021Q4";"Итого капитала";"Добавить";"Нет значения";"54 767 313 850";"—";"Итого по разделу I (стр. 500 + 510 + 520-530 + 540 + 550 + 560)";"https://openinfo.uz/ru/reports/to_pdf17770/";"https://ai-analys-production.up.railway.app/company/KASU"
"Страховая организация";"KASU";"""KAPITAL SUG’URTA"" aksiyadorlik jamiyati";"2022Q4";"Итого активов";"Добавить";"Нет значения";"218 028 618 140";"—";"Всего по активу баланса (стр. 130 + 480)";"https://openinfo.uz/ru/reports/to_pdf20675/";"https://ai-analys-production.up.railway.app/company/KASU"
"Страховая организация";"KASU";"""KAPITAL SUG’URTA"" aksiyadorlik jamiyati";"2022Q4";"Итого капитала";"Добавить";"Нет значения";"55 111 618 570";"—";"Итого по разделу I (стр. 500 + 510 + 520-530 + 540 + 550 + 560)";"https://openinfo.uz/ru/reports/to_pdf20675/";"https://ai-analys-production.up.railway.app/company/KASU"
"Страховая организация";"KASU";"""KAPITAL SUG’URTA"" aksiyadorlik jamiyati";"2023Q1";"Итого капитала";"Заменить";"162 133 640 920";"55 138 507 890";"106 995 133 030";"Итого по разделу I (стр. 500 + 510 + 520-530 + 540 + 550 + 560)";"https://openinfo.uz/ru/reports/to_pdf19941/";"https://ai-analys-production.up.railway.app/company/KASU"
"Страховая организация";"KASU";"""KAPITAL SUG’URTA"" aksiyadorlik jamiyati";"2023Q2";"Итого капитала";"Заменить";"186 373 312 800";"55 198 589 290";"131 174 723 510";"Итого по разделу I (стр. 500 + 510 + 520-530 + 540 + 550 + 560)";"https://openinfo.uz/ru/reports/to_pdf20935/";"https://ai-analys-production.up.railway.app/company/KASU"
"Страховая организация";"KASU";"""KAPITAL SUG’URTA"" aksiyadorlik jamiyati";"2023Q3";"Итого капитала";"Заменить";"221 465 326 150";"83 646 264 880";"137 819 061 270";"Итого по разделу I (стр. 500 + 510 + 520-530 + 540 + 550 + 560)";"https://openinfo.uz/ru/reports/to_pdf21530/";"https://ai-analys-production.up.railway.app/company/KASU"
"Страховая организация";"KASU";"""KAPITAL SUG’URTA"" aksiyadorlik jamiyati";"2023Q4";"Итого капитала";"Заменить";"250 580 099 020";"86 309 942 010";"164 270 157 010";"Итого по разделу I (стр. 500 + 510 + 520-530 + 540 + 550 + 560)";"https://openinfo.uz/ru/reports/to_pdf22782/";"https://ai-analys-production.up.railway.app/company/KASU"
"Страховая организация";"KASU";"""KAPITAL SUG’URTA"" aksiyadorlik jamiyati";"2024Q1";"Итого капитала";"Заменить";"281 069 934 430";"87 030 608 830";"194 039 325 600";"Итого по разделу I (стр. 500 + 510 + 520-530 + 540 + 550 + 560)";"https://openinfo.uz/ru/reports/to_pdf22193/";"https://ai-analys-production.up.railway.app/company/KASU"
"Страховая организация";"KASU";"""KAPITAL SUG’URTA"" aksiyadorlik jamiyati";"2024Q2";"Итого капитала";"Заменить";"288 801 517 750";"87 304 133 260";"201 497 384 490";"Итого по разделу I (стр. 500 + 510 + 520-530 + 540 + 550 + 560)";"https://openinfo.uz/ru/reports/to_pdf23225/";"https://ai-analys-production.up.railway.app/company/KASU"
"Страховая организация";"KASU";"""KAPITAL SUG’URTA"" aksiyadorlik jamiyati";"2024Q3";"Итого капитала";"Заменить";"295 228 680 470";"86 658 580 360";"208 570 100 110";"Итого по разделу I (стр. 500 + 510 + 520-530 + 540 + 550 + 560)";"https://openinfo.uz/ru/reports/to_pdf23759/";"https://ai-analys-production.up.railway.app/company/KASU"
"Страховая организация";"KASU";"""KAPITAL SUG’URTA"" aksiyadorlik jamiyati";"2024Q4";"Итого капитала";"Заменить";"272 012 240 500";"85 171 856 080";"186 840 384 420";"Итого по разделу I (стр. 500 + 510 + 520-530 + 540 + 550 + 560)";"https://openinfo.uz/ru/reports/to_pdf24963/";"https://ai-analys-production.up.railway.app/company/KASU"
"Страховая организация";"KASU";"""KAPITAL SUG’URTA"" aksiyadorlik jamiyati";"2025Q1";"Итого капитала";"Заменить";"303 844 257 260";"87 644 731 430";"216 199 525 830";"Итого по разделу I (стр. 500 + 510 + 520-530 + 540 + 550 + 560)";"https://openinfo.uz/ru/reports/to_pdf24548/";"https://ai-analys-production.up.railway.app/company/KASU"
"Страховая организация";"KASU";"""KAPITAL SUG’URTA"" aksiyadorlik jamiyati";"2025Q2";"Итого капитала";"Заменить";"274 686 274 530";"85 398 135 490";"189 288 139 040";"Итого по разделу I (стр. 500 + 510 + 520-530 + 540 + 550 + 560)";"https://openinfo.uz/ru/reports/to_pdf25571/";"https://ai-analys-production.up.railway.app/company/KASU"
"Страховая организация";"KASU";"""KAPITAL SUG’URTA"" aksiyadorlik jamiyati";"2025Q3";"Итого капитала";"Заменить";"285 092 273 130";"113 976 672 850";"171 115 600 280";"Итого по разделу I (стр. 500 + 510 + 520-530 + 540 + 550 + 560)";"https://openinfo.uz/ru/reports/to_pdf26032/";"https://ai-analys-production.up.railway.app/company/KASU"
"Страховая организация";"KASU";"""KAPITAL SUG’URTA"" aksiyadorlik jamiyati";"2026Q1";"Итого капитала";"Заменить";"238 594 948 310";"119 689 411 250";"118 905 537 060";"Итого по разделу I (стр. 500 + 510 + 520-530 + 540 + 550 + 560)";"https://openinfo.uz/ru/reports/to_pdf29914/";"https://ai-analys-production.up.railway.app/company/KASU"
"Страховая организация";"KFSK";"""Kafolat sug'urta kompaniyasi"" AJ";"2016Q4";"Итого активов";"Добавить";"Нет значения";"84 601 052 600";"—";"Всего по активу баланса (стр. 130 + 480)";"https://openinfo.uz/ru/reports/to_pdf5048/";"https://ai-analys-production.up.railway.app/company/KFSK"
"Страховая организация";"KFSK";"""Kafolat sug'urta kompaniyasi"" AJ";"2016Q4";"Итого капитала";"Добавить";"Нет значения";"39 919 351 000";"—";"Итого по разделу I (стр. 500 + 510 + 520-530 + 540 + 550 + 560)";"https://openinfo.uz/ru/reports/to_pdf5048/";"https://ai-analys-production.up.railway.app/company/KFSK"
"Страховая организация";"KFSK";"""Kafolat sug'urta kompaniyasi"" AJ";"2017Q4";"Итого активов";"Добавить";"Нет значения";"107 928 883 200";"—";"Всего по активу баланса (стр. 130 + 480)";"https://openinfo.uz/ru/reports/to_pdf7949/";"https://ai-analys-production.up.railway.app/company/KFSK"
"Страховая организация";"KFSK";"""Kafolat sug'urta kompaniyasi"" AJ";"2017Q4";"Итого капитала";"Добавить";"Нет значения";"43 681 259 800";"—";"Итого по разделу I (стр. 500 + 510 + 520-530 + 540 + 550 + 560)";"https://openinfo.uz/ru/reports/to_pdf7949/";"https://ai-analys-production.up.railway.app/company/KFSK"
"Страховая организация";"KFSK";"""Kafolat sug'urta kompaniyasi"" AJ";"2018Q4";"Итого активов";"Добавить";"Нет значения";"117 260 407 000";"—";"Всего по активу баланса (стр. 130 + 480)";"https://openinfo.uz/ru/reports/to_pdf10620/";"https://ai-analys-production.up.railway.app/company/KFSK"
"Страховая организация";"KFSK";"""Kafolat sug'urta kompaniyasi"" AJ";"2018Q4";"Итого капитала";"Добавить";"Нет значения";"48 504 971 400";"—";"Итого по разделу I (стр. 500 + 510 + 520-530 + 540 + 550 + 560)";"https://openinfo.uz/ru/reports/to_pdf10620/";"https://ai-analys-production.up.railway.app/company/KFSK"
"Страховая организация";"KFSK";"""Kafolat sug'urta kompaniyasi"" AJ";"2019Q4";"Итого активов";"Добавить";"Нет значения";"156 006 684 900";"—";"Всего по активу баланса (стр. 130 + 480)";"https://openinfo.uz/ru/reports/to_pdf12910/";"https://ai-analys-production.up.railway.app/company/KFSK"
"Страховая организация";"KFSK";"""Kafolat sug'urta kompaniyasi"" AJ";"2019Q4";"Итого капитала";"Добавить";"Нет значения";"55 536 727 800";"—";"Итого по разделу I (стр. 500 + 510 + 520-530 + 540 + 550 + 560)";"https://openinfo.uz/ru/reports/to_pdf12910/";"https://ai-analys-production.up.railway.app/company/KFSK"
"Страховая организация";"KFSK";"""Kafolat sug'urta kompaniyasi"" AJ";"2020Q4";"Итого активов";"Добавить";"Нет значения";"179 458 853 800";"—";"Всего по активу баланса (стр. 130 + 480)";"https://openinfo.uz/ru/reports/to_pdf15575/";"https://ai-analys-production.up.railway.app/company/KFSK"
"Страховая организация";"KFSK";"""Kafolat sug'urta kompaniyasi"" AJ";"2020Q4";"Итого капитала";"Добавить";"Нет значения";"54 263 888 600";"—";"Итого по разделу I (стр. 500 + 510 + 520-530 + 540 + 550 + 560)";"https://openinfo.uz/ru/reports/to_pdf15575/";"https://ai-analys-production.up.railway.app/company/KFSK"
"Страховая организация";"KFSK";"""Kafolat sug'urta kompaniyasi"" AJ";"2021Q4";"Итого активов";"Добавить";"Нет значения";"240 177 069 600";"—";"Всего по активу баланса (стр. 130 + 480)";"https://openinfo.uz/ru/reports/to_pdf17959/";"https://ai-analys-production.up.railway.app/company/KFSK"
"Страховая организация";"KFSK";"""Kafolat sug'urta kompaniyasi"" AJ";"2021Q4";"Итого капитала";"Добавить";"Нет значения";"56 533 268 100";"—";"Итого по разделу I (стр. 500 + 510 + 520-530 + 540 + 550 + 560)";"https://openinfo.uz/ru/reports/to_pdf17959/";"https://ai-analys-production.up.railway.app/company/KFSK"
"Страховая организация";"KFSK";"""Kafolat sug'urta kompaniyasi"" AJ";"2022Q4";"Итого активов";"Добавить";"Нет значения";"308 756 110 300";"—";"Всего по активу баланса (стр. 130 + 480)";"https://openinfo.uz/ru/reports/to_pdf20472/";"https://ai-analys-production.up.railway.app/company/KFSK"
"Страховая организация";"KFSK";"""Kafolat sug'urta kompaniyasi"" AJ";"2022Q4";"Итого капитала";"Добавить";"Нет значения";"71 227 466 200";"—";"Итого по разделу I (стр. 500 + 510 + 520-530 + 540 + 550 + 560)";"https://openinfo.uz/ru/reports/to_pdf20472/";"https://ai-analys-production.up.railway.app/company/KFSK"
"Страховая организация";"KFSK";"""Kafolat sug'urta kompaniyasi"" AJ";"2023Q1";"Итого капитала";"Заменить";"300 920 688 800";"84 323 921 700";"216 596 767 100";"Итого по разделу I (стр. 500 + 510 + 520-530 + 540 + 550 + 560)";"https://openinfo.uz/ru/reports/to_pdf20019/";"https://ai-analys-production.up.railway.app/company/KFSK"
"Страховая организация";"KFSK";"""Kafolat sug'urta kompaniyasi"" AJ";"2023Q2";"Итого капитала";"Заменить";"286 128 180 400";"140 241 654 500";"145 886 525 900";"Итого по разделу I (стр. 500 + 510 + 520-530 + 540 + 550 + 560)";"https://openinfo.uz/ru/reports/to_pdf20887/";"https://ai-analys-production.up.railway.app/company/KFSK"
"Страховая организация";"KFSK";"""Kafolat sug'urta kompaniyasi"" AJ";"2023Q3";"Итого капитала";"Заменить";"345 550 609 700";"128 327 002 000";"217 223 607 700";"Итого по разделу I (стр. 500 + 510 + 520-530 + 540 + 550 + 560)";"https://openinfo.uz/ru/reports/to_pdf21434/";"https://ai-analys-production.up.railway.app/company/KFSK"
"Страховая организация";"KFSK";"""Kafolat sug'urta kompaniyasi"" AJ";"2023Q4";"Итого капитала";"Заменить";"387 465 868 700";"161 654 986 600";"225 810 882 100";"Итого по разделу I (стр. 500 + 510 + 520-530 + 540 + 550 + 560)";"https://openinfo.uz/ru/reports/to_pdf21873/";"https://ai-analys-production.up.railway.app/company/KFSK"
"Страховая организация";"KFSK";"""Kafolat sug'urta kompaniyasi"" AJ";"2024Q1";"Итого капитала";"Заменить";"413 426 132 290";"190 854 909 090";"222 571 223 200";"Итого по разделу I (стр. 500 + 510 + 520-530 + 540 + 550 + 560)";"https://openinfo.uz/ru/reports/to_pdf22165/";"https://ai-analys-production.up.railway.app/company/KFSK"
"Страховая организация";"KFSK";"""Kafolat sug'urta kompaniyasi"" AJ";"2024Q2";"Итого капитала";"Заменить";"454 129 845 380";"199 688 453 980";"254 441 391 400";"Итого по разделу I (стр. 500 + 510 + 520-530 + 540 + 550 + 560)";"https://openinfo.uz/ru/reports/to_pdf23073/";"https://ai-analys-production.up.railway.app/company/KFSK"
"Страховая организация";"KFSK";"""Kafolat sug'urta kompaniyasi"" AJ";"2024Q3";"Итого капитала";"Заменить";"466 962 458 880";"243 888 621 680";"223 073 837 200";"Итого по разделу I (стр. 500 + 510 + 520-530 + 540 + 550 + 560)";"https://openinfo.uz/ru/reports/to_pdf23620/";"https://ai-analys-production.up.railway.app/company/KFSK"
"Страховая организация";"KFSK";"""Kafolat sug'urta kompaniyasi"" AJ";"2024Q4";"Итого капитала";"Заменить";"466 104 837 100";"236 677 648 700";"229 427 188 400";"Итого по разделу I (стр. 500 + 510 + 520-530 + 540 + 550 + 560)";"https://openinfo.uz/ru/reports/to_pdf24852/";"https://ai-analys-production.up.railway.app/company/KFSK"
"Страховая организация";"KFSK";"""Kafolat sug'urta kompaniyasi"" AJ";"2025Q1";"Итого капитала";"Заменить";"449 926 704 690";"246 661 353 990";"203 265 350 700";"Итого по разделу I (стр. 500 + 510 + 520-530 + 540 + 550 + 560)";"https://openinfo.uz/ru/reports/to_pdf24396/";"https://ai-analys-production.up.railway.app/company/KFSK"
"Страховая организация";"KFSK";"""Kafolat sug'urta kompaniyasi"" AJ";"2025Q2";"Итого капитала";"Заменить";"450 248 980 780";"248 636 345 980";"201 612 634 800";"Итого по разделу I (стр. 500 + 510 + 520-530 + 540 + 550 + 560)";"https://openinfo.uz/ru/reports/to_pdf25453/";"https://ai-analys-production.up.railway.app/company/KFSK"
"Страховая организация";"KFSK";"""Kafolat sug'urta kompaniyasi"" AJ";"2025Q3";"Итого капитала";"Заменить";"495 566 990 550";"251 738 101 450";"243 828 889 100";"Итого по разделу I (стр. 500 + 510 + 520-530 + 540 + 550 + 560)";"https://openinfo.uz/ru/reports/to_pdf26246/";"https://ai-analys-production.up.railway.app/company/KFSK"
"Страховая организация";"KFSK";"""Kafolat sug'urta kompaniyasi"" AJ";"2026Q1";"Итого капитала";"Заменить";"553 599 182 390";"269 604 870 290";"283 994 312 100";"Итого по разделу I (стр. 500 + 510 + 520-530 + 540 + 550 + 560)";"https://openinfo.uz/ru/reports/to_pdf29776/";"https://ai-analys-production.up.railway.app/company/KFSK"
"Страховая организация";"TMYS";"Акционерное общество ""TEMIRYO'L-SUG'URTA""";"2021Q4";"Денежные средства";"Добавить";"Нет значения";"1 572 892 060";"—";"Денежные средства на расчетном счете (5100)";"https://openinfo.uz/ru/reports/to_pdf17800/";"https://ai-analys-production.up.railway.app/company/TMYS"
"Страховая организация";"TMYS";"Акционерное общество ""TEMIRYO'L-SUG'URTA""";"2021Q4";"Итого активов";"Добавить";"Нет значения";"136 810 953 180";"—";"Всего по активу баланса (стр. 130 + 480)";"https://openinfo.uz/ru/reports/to_pdf17800/";"https://ai-analys-production.up.railway.app/company/TMYS"
"Страховая организация";"TMYS";"Акционерное общество ""TEMIRYO'L-SUG'URTA""";"2021Q4";"Итого капитала";"Добавить";"Нет значения";"78 109 779 850";"—";"Итого по разделу I (стр. 500 + 510 + 520-530 + 540 + 550 + 560)";"https://openinfo.uz/ru/reports/to_pdf17800/";"https://ai-analys-production.up.railway.app/company/TMYS"
"Страховая организация";"TMYS";"Акционерное общество ""TEMIRYO'L-SUG'URTA""";"2021Q4";"Итого обязательств";"Добавить";"Нет значения";"1 195 971 890";"—";"Итого по разделу III (стр. 730 + 930)";"https://openinfo.uz/ru/reports/to_pdf17800/";"https://ai-analys-production.up.railway.app/company/TMYS"
"Страховая организация";"TMYS";"Акционерное общество ""TEMIRYO'L-SUG'URTA""";"2022Q4";"Итого активов";"Добавить";"Нет значения";"154 264 415 960";"—";"Всего по активу баланса (стр. 130 + 480)";"https://openinfo.uz/ru/reports/to_pdf20368/";"https://ai-analys-production.up.railway.app/company/TMYS"
"Страховая организация";"TMYS";"Акционерное общество ""TEMIRYO'L-SUG'URTA""";"2022Q4";"Итого капитала";"Добавить";"Нет значения";"88 322 996 990";"—";"Итого по разделу I (стр. 500 + 510 + 520-530 + 540 + 550 + 560)";"https://openinfo.uz/ru/reports/to_pdf20368/";"https://ai-analys-production.up.railway.app/company/TMYS"
"Страховая организация";"TMYS";"Акционерное общество ""TEMIRYO'L-SUG'URTA""";"2023Q2";"Итого капитала";"Заменить";"161 256 771 780";"85 116 471 470";"76 140 300 310";"Итого по разделу I (стр. 500 + 510 + 520-530 + 540 + 550 + 560)";"https://openinfo.uz/ru/reports/to_pdf21010/";"https://ai-analys-production.up.railway.app/company/TMYS"
"Страховая организация";"TMYS";"Акционерное общество ""TEMIRYO'L-SUG'URTA""";"2023Q3";"Итого капитала";"Заменить";"175 506 262 450";"90 053 038 660";"85 453 223 790";"Итого по разделу I (стр. 500 + 510 + 520-530 + 540 + 550 + 560)";"https://openinfo.uz/ru/reports/to_pdf21357/";"https://ai-analys-production.up.railway.app/company/TMYS"
"Страховая организация";"TMYS";"Акционерное общество ""TEMIRYO'L-SUG'URTA""";"2023Q4";"Итого капитала";"Заменить";"182 694 910 050";"101 941 894 130";"80 753 015 920";"Итого по разделу I (стр. 500 + 510 + 520-530 + 540 + 550 + 560)";"https://openinfo.uz/ru/reports/to_pdf22606/";"https://ai-analys-production.up.railway.app/company/TMYS"
"Страховая организация";"TMYS";"Акционерное общество ""TEMIRYO'L-SUG'URTA""";"2024Q1";"Итого капитала";"Заменить";"182 309 982 660";"94 816 112 400";"87 493 870 260";"Итого по разделу I (стр. 500 + 510 + 520-530 + 540 + 550 + 560)";"https://openinfo.uz/ru/reports/to_pdf22468/";"https://ai-analys-production.up.railway.app/company/TMYS"
"Страховая организация";"TMYS";"Акционерное общество ""TEMIRYO'L-SUG'URTA""";"2024Q2";"Итого капитала";"Заменить";"183 968 438 980";"97 595 585 510";"86 372 853 470";"Итого по разделу I (стр. 500 + 510 + 520-530 + 540 + 550 + 560)";"https://openinfo.uz/ru/reports/to_pdf23405/";"https://ai-analys-production.up.railway.app/company/TMYS"
"Страховая организация";"TMYS";"Акционерное общество ""TEMIRYO'L-SUG'URTA""";"2024Q3";"Итого капитала";"Заменить";"185 994 828 440";"100 693 798 320";"85 301 030 120";"Итого по разделу I (стр. 500 + 510 + 520-530 + 540 + 550 + 560)";"https://openinfo.uz/ru/reports/to_pdf23867/";"https://ai-analys-production.up.railway.app/company/TMYS"
"Страховая организация";"TMYS";"Акционерное общество ""TEMIRYO'L-SUG'URTA""";"2024Q4";"Итого капитала";"Заменить";"198 129 519 530";"104 330 624 790";"93 798 894 740";"Итого по разделу I (стр. 500 + 510 + 520-530 + 540 + 550 + 560)";"https://openinfo.uz/ru/reports/to_pdf24927/";"https://ai-analys-production.up.railway.app/company/TMYS"
"Страховая организация";"TMYS";"Акционерное общество ""TEMIRYO'L-SUG'URTA""";"2025Q1";"Итого капитала";"Заменить";"194 228 379 880";"104 336 456 820";"89 891 923 060";"Итого по разделу I (стр. 500 + 510 + 520-530 + 540 + 550 + 560)";"https://openinfo.uz/ru/reports/to_pdf24777/";"https://ai-analys-production.up.railway.app/company/TMYS"
"Страховая организация";"TMYS";"Акционерное общество ""TEMIRYO'L-SUG'URTA""";"2025Q2";"Итого капитала";"Заменить";"201 707 759 070";"104 770 813 910";"96 936 945 160";"Итого по разделу I (стр. 500 + 510 + 520-530 + 540 + 550 + 560)";"https://openinfo.uz/ru/reports/to_pdf25410/";"https://ai-analys-production.up.railway.app/company/TMYS"
"Страховая организация";"TMYS";"Акционерное общество ""TEMIRYO'L-SUG'URTA""";"2025Q3";"Итого капитала";"Заменить";"200 539 411 230";"106 809 245 420";"93 730 165 810";"Итого по разделу I (стр. 500 + 510 + 520-530 + 540 + 550 + 560)";"https://openinfo.uz/ru/reports/to_pdf25934/";"https://ai-analys-production.up.railway.app/company/TMYS"
"Страховая организация";"TMYS";"Акционерное общество ""TEMIRYO'L-SUG'URTA""";"2026Q1";"Итого капитала";"Заменить";"220 046 349 490";"120 865 807 730";"99 180 541 760";"Итого по разделу I (стр. 500 + 510 + 520-530 + 540 + 550 + 560)";"https://openinfo.uz/ru/reports/to_pdf30035/";"https://ai-analys-production.up.railway.app/company/TMYS"
"Страховая организация";"UZAS";"""O'zagrosug'urta"" aksiyadorlik jamiyati";"2016Q4";"Итого активов";"Добавить";"Нет значения";"149 306 289 500";"—";"Всего по активу баланса (стр. 130 + 480)";"https://openinfo.uz/ru/reports/to_pdf5130/";"https://ai-analys-production.up.railway.app/company/UZAS"
"Страховая организация";"UZAS";"""O'zagrosug'urta"" aksiyadorlik jamiyati";"2016Q4";"Итого капитала";"Добавить";"Нет значения";"47 372 989 100";"—";"Итого по разделу I (стр. 500 + 510 + 520-530 + 540 + 550 + 560)";"https://openinfo.uz/ru/reports/to_pdf5130/";"https://ai-analys-production.up.railway.app/company/UZAS"
"Страховая организация";"UZAS";"""O'zagrosug'urta"" aksiyadorlik jamiyati";"2017Q4";"Итого активов";"Добавить";"Нет значения";"190 856 210 200";"—";"Всего по активу баланса (стр. 130 + 480)";"https://openinfo.uz/ru/reports/to_pdf7831/";"https://ai-analys-production.up.railway.app/company/UZAS"
"Страховая организация";"UZAS";"""O'zagrosug'urta"" aksiyadorlik jamiyati";"2017Q4";"Итого капитала";"Добавить";"Нет значения";"−29 927 795 400";"—";"Итого по разделу I (стр. 500 + 510 + 520-530 + 540 + 550 + 560)";"https://openinfo.uz/ru/reports/to_pdf7831/";"https://ai-analys-production.up.railway.app/company/UZAS"
"Страховая организация";"UZAS";"""O'zagrosug'urta"" aksiyadorlik jamiyati";"2018Q4";"Итого активов";"Добавить";"Нет значения";"232 736 790 400";"—";"Всего по активу баланса (стр. 130 + 480)";"https://openinfo.uz/ru/reports/to_pdf10565/";"https://ai-analys-production.up.railway.app/company/UZAS"
"Страховая организация";"UZAS";"""O'zagrosug'urta"" aksiyadorlik jamiyati";"2018Q4";"Итого капитала";"Добавить";"Нет значения";"60 990 308 200";"—";"Итого по разделу I (стр. 500 + 510 + 520-530 + 540 + 550 + 560)";"https://openinfo.uz/ru/reports/to_pdf10565/";"https://ai-analys-production.up.railway.app/company/UZAS"
"Страховая организация";"UZAS";"""O'zagrosug'urta"" aksiyadorlik jamiyati";"2019Q4";"Итого активов";"Добавить";"Нет значения";"283 515 931 400";"—";"Всего по активу баланса (стр. 130 + 480)";"https://openinfo.uz/ru/reports/to_pdf13522/";"https://ai-analys-production.up.railway.app/company/UZAS"
"Страховая организация";"UZAS";"""O'zagrosug'urta"" aksiyadorlik jamiyati";"2019Q4";"Итого капитала";"Добавить";"Нет значения";"69 402 732 800";"—";"Итого по разделу I (стр. 500 + 510 + 520-530 + 540 + 550 + 560)";"https://openinfo.uz/ru/reports/to_pdf13522/";"https://ai-analys-production.up.railway.app/company/UZAS"
"Страховая организация";"UZAS";"""O'zagrosug'urta"" aksiyadorlik jamiyati";"2020Q4";"Итого активов";"Добавить";"Нет значения";"293 926 497 800";"—";"Всего по активу баланса (стр. 130 + 480)";"https://openinfo.uz/ru/reports/to_pdf15554/";"https://ai-analys-production.up.railway.app/company/UZAS"
"Страховая организация";"UZAS";"""O'zagrosug'urta"" aksiyadorlik jamiyati";"2020Q4";"Итого капитала";"Добавить";"Нет значения";"78 392 141 600";"—";"Итого по разделу I (стр. 500 + 510 + 520-530 + 540 + 550 + 560)";"https://openinfo.uz/ru/reports/to_pdf15554/";"https://ai-analys-production.up.railway.app/company/UZAS"
"Страховая организация";"UZAS";"""O'zagrosug'urta"" aksiyadorlik jamiyati";"2021Q4";"Итого активов";"Добавить";"Нет значения";"271 881 081 400";"—";"Всего по активу баланса (стр. 130 + 480)";"https://openinfo.uz/ru/reports/to_pdf18151/";"https://ai-analys-production.up.railway.app/company/UZAS"
"Страховая организация";"UZAS";"""O'zagrosug'urta"" aksiyadorlik jamiyati";"2021Q4";"Итого капитала";"Добавить";"Нет значения";"83 776 562 100";"—";"Итого по разделу I (стр. 500 + 510 + 520-530 + 540 + 550 + 560)";"https://openinfo.uz/ru/reports/to_pdf18151/";"https://ai-analys-production.up.railway.app/company/UZAS"
"Страховая организация";"UZAS";"""O'zagrosug'urta"" aksiyadorlik jamiyati";"2022Q4";"Итого активов";"Добавить";"Нет значения";"351 866 573 000";"—";"Всего по активу баланса (стр. 130 + 480)";"https://openinfo.uz/ru/reports/to_pdf20646/";"https://ai-analys-production.up.railway.app/company/UZAS"
"Страховая организация";"UZAS";"""O'zagrosug'urta"" aksiyadorlik jamiyati";"2022Q4";"Итого капитала";"Добавить";"Нет значения";"96 469 639 000";"—";"Итого по разделу I (стр. 500 + 510 + 520-530 + 540 + 550 + 560)";"https://openinfo.uz/ru/reports/to_pdf20646/";"https://ai-analys-production.up.railway.app/company/UZAS"
"Страховая организация";"UZAS";"""O'zagrosug'urta"" aksiyadorlik jamiyati";"2023Q2";"Итого капитала";"Заменить";"323 674 488 400";"97 678 837 700";"225 995 650 700";"Итого по разделу I (стр. 500 + 510 + 520-530 + 540 + 550 + 560)";"https://openinfo.uz/ru/reports/to_pdf21094/";"https://ai-analys-production.up.railway.app/company/UZAS"
"Страховая организация";"UZAS";"""O'zagrosug'urta"" aksiyadorlik jamiyati";"2023Q3";"Итого капитала";"Заменить";"293 631 317 700";"101 702 642 600";"191 928 675 100";"Итого по разделу I (стр. 500 + 510 + 520-530 + 540 + 550 + 560)";"https://openinfo.uz/ru/reports/to_pdf21589/";"https://ai-analys-production.up.railway.app/company/UZAS"
"Страховая организация";"UZAS";"""O'zagrosug'urta"" aksiyadorlik jamiyati";"2023Q4";"Итого капитала";"Заменить";"287 665 586 400";"114 406 985 500";"173 258 600 900";"Итого по разделу I (стр. 500 + 510 + 520-530 + 540 + 550 + 560)";"https://openinfo.uz/ru/reports/to_pdf22812/";"https://ai-analys-production.up.railway.app/company/UZAS"
"Страховая организация";"UZAS";"""O'zagrosug'urta"" aksiyadorlik jamiyati";"2024Q1";"Итого капитала";"Заменить";"278 662 072 900";"110 428 439 000";"168 233 633 900";"Итого по разделу I (стр. 500 + 510 + 520-530 + 540 + 550 + 560)";"https://openinfo.uz/ru/reports/to_pdf22402/";"https://ai-analys-production.up.railway.app/company/UZAS"
"Страховая организация";"UZAS";"""O'zagrosug'urta"" aksiyadorlik jamiyati";"2024Q2";"Итого капитала";"Заменить";"275 587 402 700";"115 731 282 400";"159 856 120 300";"Итого по разделу I (стр. 500 + 510 + 520-530 + 540 + 550 + 560)";"https://openinfo.uz/ru/reports/to_pdf23105/";"https://ai-analys-production.up.railway.app/company/UZAS"
"Страховая организация";"UZAS";"""O'zagrosug'urta"" aksiyadorlik jamiyati";"2024Q3";"Итого капитала";"Заменить";"289 739 071 110";"124 283 511 200";"165 455 559 910";"Итого по разделу I (стр. 500 + 510 + 520-530 + 540 + 550 + 560)";"https://openinfo.uz/ru/reports/to_pdf23817/";"https://ai-analys-production.up.railway.app/company/UZAS"
"Страховая организация";"UZAS";"""O'zagrosug'urta"" aksiyadorlik jamiyati";"2024Q4";"Итого капитала";"Заменить";"315 294 417 200";"136 024 256 500";"179 270 160 700";"Итого по разделу I (стр. 500 + 510 + 520-530 + 540 + 550 + 560)";"https://openinfo.uz/ru/reports/to_pdf24989/";"https://ai-analys-production.up.railway.app/company/UZAS"
"Страховая организация";"UZAS";"""O'zagrosug'urta"" aksiyadorlik jamiyati";"2025Q1";"Итого капитала";"Заменить";"296 139 881 600";"135 940 545 300";"160 199 336 300";"Итого по разделу I (стр. 500 + 510 + 520-530 + 540 + 550 + 560)";"https://openinfo.uz/ru/reports/to_pdf24448/";"https://ai-analys-production.up.railway.app/company/UZAS"
"Страховая организация";"UZAS";"""O'zagrosug'urta"" aksiyadorlik jamiyati";"2025Q2";"Итого капитала";"Заменить";"289 021 896 900";"138 023 278 000";"150 998 618 900";"Итого по разделу I (стр. 500 + 510 + 520-530 + 540 + 550 + 560)";"https://openinfo.uz/ru/reports/to_pdf25656/";"https://ai-analys-production.up.railway.app/company/UZAS"
"Страховая организация";"UZAS";"""O'zagrosug'urta"" aksiyadorlik jamiyati";"2025Q3";"Итого капитала";"Заменить";"280 027 347 700";"149 117 877 400";"130 909 470 300";"Итого по разделу I (стр. 500 + 510 + 520-530 + 540 + 550 + 560)";"https://openinfo.uz/ru/reports/to_pdf26288/";"https://ai-analys-production.up.railway.app/company/UZAS"
"Страховая организация";"UZAS";"""O'zagrosug'urta"" aksiyadorlik jamiyati";"2025Q4";"Денежные средства";"Заменить";"1 278 562 700";"1 955 355 800";"−676 793 100";"Денежные средства на расчетном счете (5100)";"https://openinfo.uz/ru/reports/to_pdf30519/";"https://ai-analys-production.up.railway.app/company/UZAS"
"Страховая организация";"UZAS";"""O'zagrosug'urta"" aksiyadorlik jamiyati";"2025Q4";"Итого капитала";"Заменить";"147 418 608 200";"136 024 256 500";"11 394 351 700";"Итого по разделу I (стр. 500 + 510 + 520-530 + 540 + 550 + 560)";"https://openinfo.uz/ru/reports/to_pdf30519/";"https://ai-analys-production.up.railway.app/company/UZAS"
"Страховая организация";"UZAS";"""O'zagrosug'urta"" aksiyadorlik jamiyati";"2025Q4";"Итого обязательств";"Заменить";"87 985 108 000";"225 479 182 100";"−137 494 074 100";"Итого по разделу III (стр. 730 + 930)";"https://openinfo.uz/ru/reports/to_pdf30519/";"https://ai-analys-production.up.railway.app/company/UZAS"
"Страховая организация";"UZAS";"""O'zagrosug'urta"" aksiyadorlik jamiyati";"2026Q1";"Итого капитала";"Заменить";"275 922 763 600";"146 745 491 400";"129 177 272 200";"Итого по разделу I (стр. 500 + 510 + 520-530 + 540 + 550 + 560)";"https://openinfo.uz/ru/reports/to_pdf30187/";"https://ai-analys-production.up.railway.app/company/UZAS"
"Страховая организация";"UZINP";"""O'zbekinvest"" eksport-import sug'urta kompanyasi"" Aksiyadorlik jamiyati";"2019Q4";"Денежные средства";"Добавить";"Нет значения";"2 904 751 900";"—";"Денежные средства на расчетном счете (5100)";"https://openinfo.uz/ru/reports/to_pdf14467/";"https://ai-analys-production.up.railway.app/company/UZINP"
"Страховая организация";"UZINP";"""O'zbekinvest"" eksport-import sug'urta kompanyasi"" Aksiyadorlik jamiyati";"2019Q4";"Итого активов";"Добавить";"Нет значения";"965 102 023 000";"—";"Всего по активу баланса (стр. 130 + 480)";"https://openinfo.uz/ru/reports/to_pdf14467/";"https://ai-analys-production.up.railway.app/company/UZINP"
"Страховая организация";"UZINP";"""O'zbekinvest"" eksport-import sug'urta kompanyasi"" Aksiyadorlik jamiyati";"2019Q4";"Итого капитала";"Добавить";"Нет значения";"825 939 221 300";"—";"Итого по разделу I (стр. 500 + 510 + 520-530 + 540 + 550 + 560)";"https://openinfo.uz/ru/reports/to_pdf14467/";"https://ai-analys-production.up.railway.app/company/UZINP"
"Страховая организация";"UZINP";"""O'zbekinvest"" eksport-import sug'urta kompanyasi"" Aksiyadorlik jamiyati";"2019Q4";"Итого обязательств";"Добавить";"Нет значения";"8 065 384 600";"—";"Итого по разделу III (стр. 730 + 930)";"https://openinfo.uz/ru/reports/to_pdf14467/";"https://ai-analys-production.up.railway.app/company/UZINP"
"Страховая организация";"UZINP";"""O'zbekinvest"" eksport-import sug'urta kompanyasi"" Aksiyadorlik jamiyati";"2020Q4";"Итого активов";"Добавить";"Нет значения";"1 064 745 117 000";"—";"Всего по активу баланса (стр. 130 + 480)";"https://openinfo.uz/ru/reports/to_pdf16881/";"https://ai-analys-production.up.railway.app/company/UZINP"
"Страховая организация";"UZINP";"""O'zbekinvest"" eksport-import sug'urta kompanyasi"" Aksiyadorlik jamiyati";"2020Q4";"Итого капитала";"Добавить";"Нет значения";"824 668 596 200";"—";"Итого по разделу I (стр. 500 + 510 + 520-530 + 540 + 550 + 560)";"https://openinfo.uz/ru/reports/to_pdf16881/";"https://ai-analys-production.up.railway.app/company/UZINP"
"Страховая организация";"UZINP";"""O'zbekinvest"" eksport-import sug'urta kompanyasi"" Aksiyadorlik jamiyati";"2021Q4";"Итого активов";"Добавить";"Нет значения";"1 157 473 450 000";"—";"Всего по активу баланса (стр. 130 + 480)";"https://openinfo.uz/ru/reports/to_pdf16945/";"https://ai-analys-production.up.railway.app/company/UZINP"
"Страховая организация";"UZINP";"""O'zbekinvest"" eksport-import sug'urta kompanyasi"" Aksiyadorlik jamiyati";"2021Q4";"Итого капитала";"Добавить";"Нет значения";"828 877 243 800";"—";"Итого по разделу I (стр. 500 + 510 + 520-530 + 540 + 550 + 560)";"https://openinfo.uz/ru/reports/to_pdf16945/";"https://ai-analys-production.up.railway.app/company/UZINP"
"Страховая организация";"UZINP";"""O'zbekinvest"" eksport-import sug'urta kompanyasi"" Aksiyadorlik jamiyati";"2022Q4";"Итого активов";"Добавить";"Нет значения";"1 688 265 781 000";"—";"Всего по активу баланса (стр. 130 + 480)";"https://openinfo.uz/ru/reports/to_pdf20379/";"https://ai-analys-production.up.railway.app/company/UZINP"
"Страховая организация";"UZINP";"""O'zbekinvest"" eksport-import sug'urta kompanyasi"" Aksiyadorlik jamiyati";"2022Q4";"Итого капитала";"Добавить";"Нет значения";"837 428 835 000";"—";"Итого по разделу I (стр. 500 + 510 + 520-530 + 540 + 550 + 560)";"https://openinfo.uz/ru/reports/to_pdf20379/";"https://ai-analys-production.up.railway.app/company/UZINP"
"Страховая организация";"UZINP";"""O'zbekinvest"" eksport-import sug'urta kompanyasi"" Aksiyadorlik jamiyati";"2023Q1";"Итого капитала";"Заменить";"1 433 342 227 000";"843 546 232 000";"589 795 995 000";"Итого по разделу I (стр. 500 + 510 + 520-530 + 540 + 550 + 560)";"https://openinfo.uz/ru/reports/to_pdf20142/";"https://ai-analys-production.up.railway.app/company/UZINP"
"Страховая организация";"UZINP";"""O'zbekinvest"" eksport-import sug'urta kompanyasi"" Aksiyadorlik jamiyati";"2023Q2";"Итого капитала";"Заменить";"1 509 745 914 000";"850 091 522 000";"659 654 392 000";"Итого по разделу I (стр. 500 + 510 + 520-530 + 540 + 550 + 560)";"https://openinfo.uz/ru/reports/to_pdf21184/";"https://ai-analys-production.up.railway.app/company/UZINP"
"Страховая организация";"UZINP";"""O'zbekinvest"" eksport-import sug'urta kompanyasi"" Aksiyadorlik jamiyati";"2023Q3";"Итого капитала";"Заменить";"1 663 891 749 000";"836 973 303 000";"826 918 446 000";"Итого по разделу I (стр. 500 + 510 + 520-530 + 540 + 550 + 560)";"https://openinfo.uz/ru/reports/to_pdf21715/";"https://ai-analys-production.up.railway.app/company/UZINP"
"Страховая организация";"UZINP";"""O'zbekinvest"" eksport-import sug'urta kompanyasi"" Aksiyadorlik jamiyati";"2023Q4";"Итого капитала";"Заменить";"1 780 110 203 000";"852 006 056 020";"928 104 146 980";"Итого по разделу I (стр. 500 + 510 + 520-530 + 540 + 550 + 560)";"https://openinfo.uz/ru/reports/to_pdf21852/";"https://ai-analys-production.up.railway.app/company/UZINP"
"Страховая организация";"UZINP";"""O'zbekinvest"" eksport-import sug'urta kompanyasi"" Aksiyadorlik jamiyati";"2024Q1";"Итого капитала";"Заменить";"1 781 776 054 000";"877 732 719 000";"904 043 335 000";"Итого по разделу I (стр. 500 + 510 + 520-530 + 540 + 550 + 560)";"https://openinfo.uz/ru/reports/to_pdf22503/";"https://ai-analys-production.up.railway.app/company/UZINP"
"Страховая организация";"UZINP";"""O'zbekinvest"" eksport-import sug'urta kompanyasi"" Aksiyadorlik jamiyati";"2024Q2";"Итого капитала";"Заменить";"1 856 330 849 040";"887 666 345 000";"968 664 504 040";"Итого по разделу I (стр. 500 + 510 + 520-530 + 540 + 550 + 560)";"https://openinfo.uz/ru/reports/to_pdf23366/";"https://ai-analys-production.up.railway.app/company/UZINP"
"Страховая организация";"UZINP";"""O'zbekinvest"" eksport-import sug'urta kompanyasi"" Aksiyadorlik jamiyati";"2024Q3";"Итого капитала";"Заменить";"1 808 634 323 000";"860 052 329 000";"948 581 994 000";"Итого по разделу I (стр. 500 + 510 + 520-530 + 540 + 550 + 560)";"https://openinfo.uz/ru/reports/to_pdf24030/";"https://ai-analys-production.up.railway.app/company/UZINP"
"Страховая организация";"UZINP";"""O'zbekinvest"" eksport-import sug'urta kompanyasi"" Aksiyadorlik jamiyati";"2024Q4";"Итого капитала";"Заменить";"1 858 711 643 000";"848 145 435 000";"1 010 566 208 000";"Итого по разделу I (стр. 500 + 510 + 520-530 + 540 + 550 + 560)";"https://openinfo.uz/ru/reports/to_pdf29789/";"https://ai-analys-production.up.railway.app/company/UZINP"
"Страховая организация";"UZINP";"""O'zbekinvest"" eksport-import sug'urta kompanyasi"" Aksiyadorlik jamiyati";"2025Q1";"Итого капитала";"Заменить";"1 884 593 672 000";"863 337 644 000";"1 021 256 028 000";"Итого по разделу I (стр. 500 + 510 + 520-530 + 540 + 550 + 560)";"https://openinfo.uz/ru/reports/to_pdf24790/";"https://ai-analys-production.up.railway.app/company/UZINP"
"Страховая организация";"UZINP";"""O'zbekinvest"" eksport-import sug'urta kompanyasi"" Aksiyadorlik jamiyati";"2025Q2";"Итого капитала";"Заменить";"1 951 510 534 000";"874 567 267 000";"1 076 943 267 000";"Итого по разделу I (стр. 500 + 510 + 520-530 + 540 + 550 + 560)";"https://openinfo.uz/ru/reports/to_pdf25296/";"https://ai-analys-production.up.railway.app/company/UZINP"
"Страховая организация";"UZINP";"""O'zbekinvest"" eksport-import sug'urta kompanyasi"" Aksiyadorlik jamiyati";"2025Q3";"Итого капитала";"Заменить";"1 798 220 261 000";"853 708 210 000";"944 512 051 000";"Итого по разделу I (стр. 500 + 510 + 520-530 + 540 + 550 + 560)";"https://openinfo.uz/ru/reports/to_pdf26208/";"https://ai-analys-production.up.railway.app/company/UZINP"
"Страховая организация";"UZINP";"""O'zbekinvest"" eksport-import sug'urta kompanyasi"" Aksiyadorlik jamiyati";"2026Q1";"Итого капитала";"Заменить";"1 934 121 455 000";"882 822 840 000";"1 051 298 615 000";"Итого по разделу I (стр. 500 + 510 + 520-530 + 540 + 550 + 560)";"https://openinfo.uz/ru/reports/to_pdf29907/";"https://ai-analys-production.up.railway.app/company/UZINP"
"МФО";"ACMT1B2";"""AGAT CREDIT"" Aksiyadorlik jamiyati mikromoliya tashkiloti";"2025Q3";"Денежные средства";"Добавить";"Нет значения";"988 591 000";"—";"1. Денежные средства в кассе и другие платежные документы";"https://openinfo.uz/ru/reports/to_pdf26190/";"https://ai-analys-production.up.railway.app/company/ACMT1B2"
"МФО";"ACMT1B2";"""AGAT CREDIT"" Aksiyadorlik jamiyati mikromoliya tashkiloti";"2025Q3";"Итого активов";"Добавить";"Нет значения";"185 842 246 000";"—";"18. Итого активы (10+20+30+40+52+62+72+80+90+102+110)";"https://openinfo.uz/ru/reports/to_pdf26190/";"https://ai-analys-production.up.railway.app/company/ACMT1B2"
"МФО";"ACMT1B2";"""AGAT CREDIT"" Aksiyadorlik jamiyati mikromoliya tashkiloti";"2025Q3";"Итого капитала";"Добавить";"Нет значения";"73 862 805 000";"—";"32. Итого капитал (310 (311 + 312) + 320 + 330 + 340 + 350)";"https://openinfo.uz/ru/reports/to_pdf26190/";"https://ai-analys-production.up.railway.app/company/ACMT1B2"
"МФО";"ACMT1B2";"""AGAT CREDIT"" Aksiyadorlik jamiyati mikromoliya tashkiloti";"2025Q3";"Итого обязательств";"Добавить";"Нет значения";"111 979 441 000";"—";"26. Итого обязательства (210+220+230+240+250+260+270)";"https://openinfo.uz/ru/reports/to_pdf26190/";"https://ai-analys-production.up.railway.app/company/ACMT1B2"
"МФО";"ACMT1B2";"""AGAT CREDIT"" Aksiyadorlik jamiyati mikromoliya tashkiloti";"2026Q1";"Итого активов";"Добавить";"Нет значения";"280 655 928 000";"—";"18. Итого активы (10+20+30+40+52+62+72+80+90+102+110)";"https://openinfo.uz/ru/reports/to_pdf29785/";"https://ai-analys-production.up.railway.app/company/ACMT1B2"
"МФО";"ACMT1B2";"""AGAT CREDIT"" Aksiyadorlik jamiyati mikromoliya tashkiloti";"2026Q1";"Итого капитала";"Добавить";"Нет значения";"75 150 303 000";"—";"32. Итого капитал (310 (311 + 312) + 320 + 330 + 340 + 350)";"https://openinfo.uz/ru/reports/to_pdf29785/";"https://ai-analys-production.up.railway.app/company/ACMT1B2"
"МФО";"ACMT1B2";"""AGAT CREDIT"" Aksiyadorlik jamiyati mikromoliya tashkiloti";"2026Q2";"Итого активов";"Добавить";"Нет значения";"363 831 945 000";"—";"18. Итого активы (10+20+30+40+52+62+72+80+90+102+110)";"https://openinfo.uz/ru/reports/to_pdf31227/";"https://ai-analys-production.up.railway.app/company/ACMT1B2"
"МФО";"ACMT1B2";"""AGAT CREDIT"" Aksiyadorlik jamiyati mikromoliya tashkiloti";"2026Q2";"Итого капитала";"Добавить";"Нет значения";"77 313 236 000";"—";"32. Итого капитал (310 (311 + 312) + 320 + 330 + 340 + 350)";"https://openinfo.uz/ru/reports/to_pdf31227/";"https://ai-analys-production.up.railway.app/company/ACMT1B2"
"МФО";"BFMT2B5";"""Biznes Finans Mikromoliya Tashkiloti"" MCHJ";"2024Q1";"Денежные средства";"Заменить";"15 296 910";"327 756 530";"−312 459 620";"Денежные средства на расчетном счете (5100)";"https://openinfo.uz/ru/reports/to_pdf22355/";"https://ai-analys-production.up.railway.app/company/BFMT2B5"
"МФО";"BFMT2B5";"""Biznes Finans Mikromoliya Tashkiloti"" MCHJ";"2024Q1";"Итого активов";"Заменить";"33 705 307 190";"85 679 800 170";"−51 974 492 980";"ВСЕГО по активу баланса 130+390";"https://openinfo.uz/ru/reports/to_pdf22355/";"https://ai-analys-production.up.railway.app/company/BFMT2B5"
"МФО";"BFMT2B5";"""Biznes Finans Mikromoliya Tashkiloti"" MCHJ";"2024Q1";"Итого капитала";"Заменить";"19 948 075 740";"48 951 594 320";"−29 003 518 580";"ИТОГО ПО РАЗДЕЛУ I 410+420+430+440+450+460+470";"https://openinfo.uz/ru/reports/to_pdf22355/";"https://ai-analys-production.up.railway.app/company/BFMT2B5"
"МФО";"BFMT2B5";"""Biznes Finans Mikromoliya Tashkiloti"" MCHJ";"2024Q1";"Итого обязательств";"Заменить";"13 757 231 450";"36 728 205 850";"−22 970 974 400";"ИТОГО ПО II РАЗДЕЛУ (стр. 490+600)";"https://openinfo.uz/ru/reports/to_pdf22355/";"https://ai-analys-production.up.railway.app/company/BFMT2B5"
"МФО";"CTFB3";"""CONTACT FINANCE"" Mas'uliyati cheklangan jamiyat mikromoliya tashkiloti";"2026Q1";"Денежные средства";"Добавить";"Нет значения";"45 854 000";"—";"1. Денежные средства в кассе и другие платежные документы";"https://openinfo.uz/ru/reports/to_pdf29520/";"https://ai-analys-production.up.railway.app/company/CTFB3"
"МФО";"CTFB3";"""CONTACT FINANCE"" Mas'uliyati cheklangan jamiyat mikromoliya tashkiloti";"2026Q1";"Итого активов";"Добавить";"Нет значения";"16 735 913 000";"—";"18. Итого активы (10+20+30+40+52+62+72+80+90+102+110)";"https://openinfo.uz/ru/reports/to_pdf29520/";"https://ai-analys-production.up.railway.app/company/CTFB3"
"МФО";"CTFB3";"""CONTACT FINANCE"" Mas'uliyati cheklangan jamiyat mikromoliya tashkiloti";"2026Q1";"Итого капитала";"Добавить";"Нет значения";"3 152 764 000";"—";"32. Итого капитал (310 (311 + 312) + 320 + 330 + 340 + 350)";"https://openinfo.uz/ru/reports/to_pdf29520/";"https://ai-analys-production.up.railway.app/company/CTFB3"
"МФО";"CTFB3";"""CONTACT FINANCE"" Mas'uliyati cheklangan jamiyat mikromoliya tashkiloti";"2026Q1";"Итого обязательств";"Добавить";"Нет значения";"13 583 150 000";"—";"26. Итого обязательства (210+220+230+240+250+260+270)";"https://openinfo.uz/ru/reports/to_pdf29520/";"https://ai-analys-production.up.railway.app/company/CTFB3"
"МФО";"CTFB3";"""CONTACT FINANCE"" Mas'uliyati cheklangan jamiyat mikromoliya tashkiloti";"2026Q2";"Итого активов";"Добавить";"Нет значения";"22 386 893 000";"—";"18. Итого активы (10+20+30+40+52+62+72+80+90+102+110)";"https://openinfo.uz/ru/reports/to_pdf30557/";"https://ai-analys-production.up.railway.app/company/CTFB3"
"МФО";"CTFB3";"""CONTACT FINANCE"" Mas'uliyati cheklangan jamiyat mikromoliya tashkiloti";"2026Q2";"Итого капитала";"Добавить";"Нет значения";"3 406 746 000";"—";"32. Итого капитал (310 (311 + 312) + 320 + 330 + 340 + 350)";"https://openinfo.uz/ru/reports/to_pdf30557/";"https://ai-analys-production.up.railway.app/company/CTFB3"
